Rk,Player,Nation,Pos,Squad,Age,Born,MP,Starts,Min,90s,Gls,Ast,G+A,G-PK,PK,PKatt,CrdY,CrdR,xG,npxG,xAG,npxG+xAG,PrgC,PrgP,PrgR,G+A-PK,xG+xAG
Dickson Abiama,ngNGA,FW,Greuther Fürth,24,1998,13,5,533,5.9,3,0.17,0.68,0.51,0.68,0,1,0,2.6,0.07,0.51,0.51,Matches,15,38,0.51,0.44,0.44
Dickson Abiama,ngNGA,"FW,MF",Kaiserslautern,24,1998,13,0,247,2.7,0,0.00,0.00,0.00,0.00,0,3,0,0.5,0.11,0.29,0.29,Matches,5,20,0.00,0.19,0.19
Ragnar Ache,deGER,FW,Kaiserslautern,25,1998,26,22,"1,783",19.8,16,0.00,0.81,0.81,0.81,0,0,0,12.7,0.05,0.70,0.70,Matches,21,77,0.81,0.64,0.64
Aremu Afeez,ngNGA,"MF,FW",Kaiserslautern,23,1999,5,0,56,0.6,0,0.00,0.00,0.00,0.00,0,0,1,0.0,0.00,0.02,0.02,Matches,1,1,0.00,0.02,0.02
Oladapo Afolayan,engENG,"FW,MF",St. Pauli,25,1998,31,27,"2,201",24.5,9,0.12,0.49,0.37,0.49,0,4,0,4.9,0.11,0.32,0.32,Matches,59,211,0.37,0.20,0.20
Nikolas Agrafiotis,nlNED,"FW,DF",Wehen,23,2000,12,5,434,4.8,1,0.00,0.21,0.21,0.21,0,0,0,1.4,0.04,0.33,0.33,Matches,10,30,0.21,0.29,0.29
Andreas Albers,dkDEN,"FW,MF",St. Pauli,33,1990,17,3,430,4.8,1,0.00,0.21,0.21,0.21,0,0,0,1.7,0.06,0.40,0.40,Matches,4,33,0.21,0.35,0.35
Xavier Amaechi,engENG,"MF,FW",Magdeburg,22,2001,16,9,699,7.8,1,0.13,0.26,0.13,0.26,0,2,0,0.7,0.29,0.39,0.39,Matches,31,86,0.13,0.09,0.09
Stephan Ambrosius,ghGHA,DF,Hamburger SV,24,1998,18,12,"1,207",13.4,0,0.00,0.00,0.00,0.00,0,2,0,0.2,0.01,0.02,0.02,Matches,51,2,0.00,0.01,0.01
Etienne Amenyido,tgTOG,"FW,MF",St. Pauli,25,1998,19,0,198,2.2,1,0.91,1.36,0.45,1.36,0,1,0,0.4,0.26,0.44,0.44,Matches,12,31,0.45,0.18,0.18
Youssef Amyn,iqIRQ,"FW,MF",Braunschweig,19,2003,9,2,328,3.6,0,0.00,0.00,0.00,0.00,0,0,0,0.4,0.02,0.14,0.14,Matches,10,24,0.00,0.12,0.12
Sebastian Andersson,seSWE,FW,Nürnberg,32,1991,15,11,945,10.5,2,0.10,0.29,0.19,0.29,0,1,0,3.0,0.07,0.36,0.36,Matches,12,43,0.19,0.28,0.28
Thanasis Androutsos,grGRE,"DF,MF",Osnabrück,26,1997,13,8,722,8.0,0,0.00,0.00,0.00,0.00,0,4,0,0.1,0.02,0.03,0.03,Matches,51,31,0.00,0.02,0.02
Martin Angha,chSUI,DF,Wehen,29,1994,24,22,"2,019",22.4,0,0.00,0.00,0.00,0.00,0,8,1,1.0,0.05,0.10,0.10,Matches,62,13,0.00,0.05,0.05
Ilyas Ansah,deGER,"FW,MF",Paderborn 07,18,2004,24,14,"1,212",13.5,1,0.15,0.22,0.07,0.22,0,3,0,2.2,0.19,0.36,0.36,Matches,19,93,0.07,0.17,0.17
Nico Antonitsch,atAUT,DF,Elversberg,31,1991,3,0,87,1.0,0,0.00,0.00,0.00,0.00,0,1,0,0.2,0.00,0.19,0.19,Matches,2,0,0.00,0.19,0.19
Shinta Appelkamp,deGER,"MF,FW",Düsseldorf,22,2000,25,19,"1,701",18.9,3,0.53,0.69,0.16,0.69,0,0,0,1.6,0.28,0.37,0.37,Matches,88,84,0.16,0.09,0.09
Jann-Fiete Arp,deGER,"FW,MF",Holstein Kiel,23,2000,17,8,770,8.6,5,0.23,0.82,0.58,0.82,0,2,0,3.7,0.05,0.49,0.49,Matches,21,66,0.58,0.44,0.44
Bright Arrey-Mbi,deGER,DF,Hannover 96,20,2003,32,28,"2,456",27.3,0,0.00,0.00,0.00,0.00,0,3,0,0.3,0.00,0.01,0.01,Matches,82,23,0.00,0.01,0.01
Ahmet Arslan,deGER,"MF,FW",Magdeburg,29,1994,9,3,252,2.8,2,0.36,1.07,0.71,1.07,0,2,0,1.6,0.08,0.65,0.65,Matches,23,19,0.71,0.57,0.57
Simon Asta,deGER,DF,Greuther Fürth,22,2001,32,32,"2,650",29.4,2,0.14,0.20,0.07,0.20,0,5,0,1.4,0.08,0.13,0.13,Matches,91,157,0.07,0.05,0.05
Barış Atik,deGER,"FW,MF",Magdeburg,28,1995,33,33,"2,827",31.4,4,0.32,0.45,0.13,0.45,0,10,0,5.4,0.31,0.48,0.48,Matches,187,298,0.13,0.17,0.17
Janik Bachmann,deGER,"MF,DF",Hansa Rostock,27,1996,21,16,"1,368",15.2,0,0.00,0.00,0.00,0.00,0,2,0,1.3,0.02,0.10,0.10,Matches,23,16,0.00,0.08,0.08
Aurel Badji Wagbe,deGER,DF,Holstein Kiel,19,2004,1,0,1,0.0,0,0.00,0.00,0.00,0.00,0,0,0,0.0,0.00,0.00,0.00,Matches,0,0,0.00,0.00,0.00
Florian Bähr,deGER,"DF,MF",Osnabrück,20,2003,5,0,47,0.5,0,0.00,0.00,0.00,0.00,0,1,0,0.0,0.25,0.30,0.30,Matches,1,1,0.00,0.05,0.05
Scott Banks,sctSCO,FW,St. Pauli,21,2001,4,0,70,0.8,0,1.29,1.29,0.00,1.29,0,1,0,0.1,0.72,0.81,0.81,Matches,1,4,0.00,0.09,0.09
Aymen Barkok,maMAR,MF,Hertha BSC,25,1998,12,10,842,9.4,1,0.00,0.11,0.11,0.11,0,2,0,1.6,0.03,0.20,0.20,Matches,40,19,0.11,0.17,0.17
Nick Bätzner,deGER,MF,Wehen,23,2000,24,18,"1,544",17.2,1,0.06,0.12,0.06,0.12,0,3,0,2.6,0.06,0.22,0.22,Matches,77,83,0.06,0.15,0.15
Timo Baumgartl,deGER,DF,Schalke 04,27,1996,12,11,940,10.4,0,0.00,0.00,0.00,0.00,0,0,0,0.5,0.04,0.09,0.09,Matches,53,7,0.00,0.05,0.05
Timo Becker,deGER,"DF,MF",Holstein Kiel,26,1997,28,26,"2,274",25.3,7,0.12,0.40,0.24,0.36,1,3,0,4.2,0.06,0.20,0.23,Matches,68,68,0.28,0.17,0.14
Timo Beermann,deGER,DF,Osnabrück,32,1990,6,6,459,5.1,0,0.00,0.00,0.00,0.00,0,0,0,0.4,0.00,0.07,0.07,Matches,19,1,0.00,0.07,0.07
Brian Behrendt,deGER,DF,Braunschweig,31,1991,6,6,539,6.0,0,0.00,0.00,0.00,0.00,0,2,1,0.3,0.03,0.08,0.08,Matches,21,0,0.00,0.05,0.05
Marcel Beifus,deGER,DF,Karlsruher,20,2002,21,13,"1,214",13.5,1,0.00,0.07,0.07,0.07,0,1,0,0.8,0.00,0.06,0.06,Matches,42,4,0.07,0.06,0.06
Leon Bell Bell,cmCMR,"DF,MF",Magdeburg,26,1996,29,28,"2,331",25.9,1,0.04,0.08,0.04,0.08,0,6,0,1.1,0.07,0.12,0.12,Matches,94,136,0.04,0.04,0.04
Louey Ben Farhat,deGER,MF,Karlsruher,17,2006,1,0,11,0.1,0,0.00,0.00,0.00,0.00,0,0,0,0.0,0.00,0.00,0.00,Matches,0,2,0.00,0.00,0.00
László Bénes,skSVK,"MF,FW",Hamburger SV,25,1997,27,26,"2,288",25.4,13,0.43,0.94,0.39,0.83,4,4,1,11.6,0.33,0.67,0.79,Matches,124,163,0.51,0.46,0.34
Keanan Bennetts,engENG,"DF,FW",Wehen,24,1999,9,3,342,3.8,0,0.00,0.00,0.00,0.00,0,2,0,0.0,0.07,0.08,0.08,Matches,16,18,0.00,0.01,0.01
Alexander Bernhardsson,seSWE,"FW,MF",Holstein Kiel,24,1998,13,10,912,10.1,4,0.00,0.39,0.39,0.39,0,2,0,3.2,0.06,0.38,0.38,Matches,24,72,0.39,0.32,0.32
Max Besuschkow,deGER,MF,Hannover 96,26,1997,1,1,90,1.0,0,0.00,0.00,0.00,0.00,0,0,0,0.0,0.00,0.03,0.03,Matches,7,2,0.00,0.03,0.03
Ermin Bičakčić,baBIH,DF,Braunschweig,33,1990,22,21,"1,869",20.8,4,0.00,0.19,0.19,0.19,0,6,0,2.4,0.05,0.17,0.17,Matches,29,2,0.19,0.12,0.12
Filip Bilbija,deGER,"MF,FW",Paderborn 07,23,2000,27,25,"2,020",22.4,5,0.22,0.45,0.22,0.45,0,4,1,8.8,0.17,0.56,0.56,Matches,64,120,0.22,0.39,0.39
Herbert Bockhorn,deGER,"DF,MF",Magdeburg,28,1995,28,24,"2,272",25.2,3,0.08,0.20,0.12,0.20,0,7,0,2.1,0.09,0.17,0.17,Matches,107,193,0.12,0.08,0.08
Pelle Boevink,nlNED,GK,Paderborn 07,25,1998,20,20,"1,800",20.0,0,0.00,0.00,0.00,0.00,0,2,0,0.0,0.01,0.01,0.01,Matches,2,0,0.00,0.00,0.00
Luca Böggemann,deGER,GK,Osnabrück,19,2004,1,0,7,0.1,0,0.00,0.00,0.00,0.00,0,0,0,0.0,0.00,0.00,0.00,Matches,0,0,0.00,0.00,0.00
Robin Bormuth,deGER,DF,Karlsruher,27,1995,23,19,"1,690",18.8,1,0.00,0.05,0.05,0.05,0,3,0,0.6,0.01,0.04,0.04,Matches,72,3,0.05,0.03,0.03
Julian Börner,deGER,DF,Hannover 96,32,1991,4,1,142,1.6,0,0.00,0.00,0.00,0.00,0,0,0,0.0,0.03,0.05,0.05,Matches,5,3,0.00,0.02,0.02
Tim Boss,deGER,GK,Elversberg,30,1993,1,1,90,1.0,0,0.00,0.00,0.00,0.00,0,0,0,0.0,0.00,0.00,0.00,Matches,0,0,0.00,0.00,0.00
Andreas Bouchalakis,grGRE,MF,Hertha BSC,30,1993,25,15,"1,470",16.3,1,0.06,0.12,0.06,0.12,0,4,0,0.4,0.05,0.08,0.08,Matches,71,7,0.06,0.03,0.03
Carlo Boukhalfa,maMAR,"MF,FW",St. Pauli,24,1999,17,0,95,1.1,1,0.00,0.95,0.95,0.95,0,1,0,0.2,0.00,0.17,0.17,Matches,3,11,0.95,0.17,0.17
Joseph Boyamba,deGER,"FW,MF",Elversberg,27,1996,25,1,429,4.8,3,0.00,0.63,0.63,0.63,0,1,0,2.0,0.15,0.57,0.57,Matches,22,35,0.63,0.42,0.42
Terrence Boyd,usUSA,FW,Kaiserslautern,32,1991,15,8,723,8.0,2,0.12,0.37,0.25,0.37,1,2,0,3.9,0.05,0.41,0.53,Matches,19,24,0.25,0.48,0.37
Calvin Brackelmann,deGER,DF,Paderborn 07,23,1999,13,8,738,8.2,0,0.00,0.00,0.00,0.00,0,1,0,0.7,0.02,0.11,0.11,Matches,25,5,0.00,0.09,0.09
Jascha Brandt,deGER,FW,Paderborn 07,20,2003,1,0,23,0.3,0,0.00,0.00,0.00,0.00,0,0,0,0.0,0.10,0.10,0.10,Matches,0,3,0.00,0.00,0.00
Daniel Brosinski,deGER,"DF,MF",Karlsruher,35,1988,17,4,420,4.7,0,0.00,0.00,0.00,0.00,0,0,0,1.0,0.09,0.30,0.30,Matches,17,30,0.00,0.21,0.21
Nathaniel Brown,deGER,DF,Nürnberg,20,2003,29,27,"2,405",26.7,0,0.19,0.19,0.00,0.19,0,5,0,0.8,0.06,0.09,0.09,Matches,117,71,0.00,0.03,0.03
Júnior Brumado,brBRA,FW,Hansa Rostock,24,1999,23,18,"1,483",16.5,4,0.00,0.24,0.12,0.12,2,3,1,5.1,0.10,0.31,0.41,Matches,32,89,0.24,0.31,0.21
Cédric Brunner,chSUI,DF,Schalke 04,29,1994,17,14,"1,150",12.8,0,0.00,0.00,0.00,0.00,0,5,0,0.4,0.06,0.09,0.09,Matches,47,31,0.00,0.03,0.03
Taylan Bulut,deGER,DF,Schalke 04,17,2006,1,0,1,0.0,0,0.00,0.00,0.00,0.00,0,0,0,0.0,0.00,0.00,0.00,Matches,0,0,0.00,0.00,0.00
Daniel Bunk,deGER,MF,Düsseldorf,19,2004,1,0,1,0.0,0,0.00,0.00,0.00,0.00,0,0,0,0.0,0.00,0.00,0.00,Matches,0,0,0.00,0.00,0.00
Dženis Burnić,baBIH,"MF,FW",Karlsruher,25,1998,30,12,"1,266",14.1,2,0.07,0.21,0.14,0.21,0,6,0,1.3,0.22,0.31,0.31,Matches,87,53,0.14,0.09,0.09
Kerim Calhanoglu,deGER,"DF,MF",Greuther Fürth,20,2002,11,3,324,3.6,0,0.28,0.28,0.00,0.28,0,0,0,0.0,0.13,0.14,0.14,Matches,17,18,0.00,0.01,0.01
Kaan Caliskaner,deGER,"FW,MF",Braunschweig,23,1999,11,3,370,4.1,0,0.00,0.00,0.00,0.00,0,0,0,0.9,0.09,0.31,0.31,Matches,9,39,0.00,0.22,0.22
Florian Carstens,deGER,DF,Wehen,24,1998,19,12,"1,078",12.0,0,0.08,0.08,0.00,0.08,0,5,0,0.5,0.05,0.09,0.09,Matches,43,13,0.00,0.04,0.04
Tino Casali,atAUT,GK,Braunschweig,27,1995,1,1,90,1.0,0,0.00,0.00,0.00,0.00,0,0,0,0.0,0.00,0.00,0.00,Matches,0,0,0.00,0.00,0.00
Luc Castaignos,nlNED,FW,Magdeburg,30,1992,19,6,832,9.2,4,0.11,0.54,0.43,0.54,1,4,0,5.4,0.16,0.65,0.74,Matches,12,46,0.43,0.58,0.49
Niklas Castelle,deGER,MF,Schalke 04,20,2002,1,0,6,0.1,0,0.00,0.00,0.00,0.00,0,0,0,0.0,0.00,0.00,0.00,Matches,0,0,0.00,0.00,0.00
Jens Castrop,deGER,MF,Nürnberg,20,2003,27,23,"2,026",22.5,2,0.09,0.18,0.09,0.18,0,11,2,2.3,0.08,0.18,0.18,Matches,86,90,0.09,0.10,0.10
Amar Ćatić,baBIH,DF,Wehen,24,1999,22,8,914,10.2,1,0.00,0.10,0.10,0.10,0,3,1,0.7,0.07,0.15,0.15,Matches,20,43,0.10,0.07,0.07
Jason Ceka,deGER,"FW,MF",Magdeburg,23,1999,22,14,"1,131",12.6,1,0.48,0.56,0.08,0.56,0,4,0,1.9,0.22,0.37,0.37,Matches,44,110,0.08,0.15,0.15
Paterson Chato,deGER,DF,Osnabrück,26,1996,1,0,53,0.6,0,0.00,0.00,0.00,0.00,0,0,0,0.0,0.00,0.00,0.00,Matches,0,0,0.00,0.00,0.00
Gustav Christensen,dkDEN,"FW,MF",Hertha BSC,18,2004,12,1,286,3.2,0,0.31,0.31,0.00,0.31,0,2,0,0.2,0.33,0.40,0.40,Matches,6,30,0.00,0.07,0.07
Oliver Christensen,dkDEN,GK,Hertha BSC,24,1999,2,2,180,2.0,0,0.00,0.00,0.00,0.00,0,0,0,0.0,0.00,0.00,0.00,Matches,0,0,0.00,0.00,0.00
Max Christiansen,deGER,MF,Hannover 96,26,1996,19,7,717,8.0,0,0.13,0.13,0.00,0.13,0,5,1,0.1,0.07,0.08,0.08,Matches,40,17,0.00,0.02,0.02
Darko Churlinov,mkMKD,"MF,FW",Schalke 04,23,2000,10,4,320,3.6,1,0.00,0.28,0.28,0.28,0,3,0,0.5,0.01,0.15,0.15,Matches,9,23,0.28,0.13,0.13
Ibrahima Cissé,mlMLI,DF,Schalke 04,22,2001,4,3,232,2.6,0,0.00,0.00,0.00,0.00,0,3,1,0.1,0.00,0.03,0.03,Matches,7,0,0.00,0.03,0.03
Amara Conde,deGER,MF,Magdeburg,26,1997,29,25,"1,951",21.7,1,0.09,0.14,0.05,0.14,0,4,0,1.4,0.05,0.11,0.11,Matches,122,79,0.05,0.06,0.06
Kevin Conrad,deGER,DF,Elversberg,32,1990,11,8,719,8.0,0,0.00,0.00,0.00,0.00,0,2,0,0.4,0.00,0.05,0.05,Matches,23,1,0.00,0.05,0.05
Jomaine Consbruch,deGER,MF,Greuther Fürth,21,2002,23,10,924,10.3,1,0.10,0.19,0.10,0.19,0,1,0,0.8,0.09,0.17,0.17,Matches,36,40,0.10,0.08,0.08
Christian Conteh,deGER,"FW,MF",Osnabrück,23,1999,30,21,"1,663",18.5,4,0.11,0.32,0.22,0.32,0,3,0,3.3,0.15,0.33,0.33,Matches,38,146,0.22,0.18,0.18
Sirlord Conteh,deGER,"FW,MF",Paderborn 07,27,1996,34,9,"1,116",12.4,3,0.24,0.48,0.24,0.48,0,2,0,5.7,0.27,0.73,0.73,Matches,11,101,0.24,0.46,0.46
Marcel Correia,ptPOR,DF,Elversberg,34,1989,3,2,143,1.6,1,0.00,0.63,0.63,0.63,0,0,0,0.3,0.00,0.19,0.19,Matches,4,0,0.63,0.19,0.19
Mickaël Cuisance,frFRA,MF,Osnabrück,23,1999,25,23,"2,029",22.5,3,0.04,0.18,0.00,0.04,3,10,2,4.4,0.20,0.29,0.39,Matches,101,111,0.13,0.20,0.09
Laurin Curda,deGER,DF,Paderborn 07,21,2001,20,16,"1,421",15.8,0,0.00,0.00,0.00,0.00,0,2,0,0.4,0.01,0.03,0.03,Matches,99,27,0.00,0.03,0.03
Christoph Daferner,deGER,FW,Nürnberg,25,1998,4,2,186,2.1,0,0.00,0.00,0.00,0.00,0,1,0,0.2,0.01,0.13,0.13,Matches,1,15,0.00,0.12,0.12
Christoph Daferner,deGER,FW,Düsseldorf,25,1998,14,5,482,5.4,0,0.19,0.19,0.00,0.19,0,0,0,1.5,0.07,0.34,0.34,Matches,11,26,0.00,0.27,0.27
Thomas Dähne,deGER,GK,Holstein Kiel,29,1994,3,3,270,3.0,0,0.00,0.00,0.00,0.00,0,0,0,0.0,0.00,0.00,0.00,Matches,0,0,0.00,0.00,0.00
Muhammed Damar,deGER,MF,Hannover 96,19,2004,4,0,62,0.7,0,0.00,0.00,0.00,0.00,0,0,0,0.1,0.03,0.15,0.15,Matches,4,7,0.00,0.12,0.12
Bence Dárdai,deGER,"MF,FW",Hertha BSC,17,2006,8,0,197,2.2,0,0.00,0.00,0.00,0.00,0,2,0,0.1,0.26,0.32,0.32,Matches,5,10,0.00,0.06,0.06
Márton Dárdai,huHUN,"MF,DF",Hertha BSC,21,2002,29,27,"2,271",25.2,0,0.04,0.04,0.00,0.04,0,4,0,1.0,0.03,0.07,0.07,Matches,104,13,0.00,0.04,0.04
Palkó Dárdai,huHUN,"MF,FW",Hertha BSC,24,1999,22,18,"1,419",15.8,6,0.25,0.63,0.38,0.63,0,3,0,4.2,0.14,0.41,0.41,Matches,43,73,0.38,0.26,0.26
Jonas David,deGER,DF,Hansa Rostock,23,2000,15,13,"1,200",13.3,0,0.00,0.00,0.00,0.00,0,4,0,0.7,0.05,0.10,0.10,Matches,30,8,0.00,0.05,0.05
Saulo Decarli,chSUI,DF,Braunschweig,31,1992,16,8,711,7.9,0,0.25,0.25,0.00,0.25,0,3,0,1.0,0.06,0.19,0.19,Matches,22,1,0.00,0.13,0.13
Jannik Dehm,deGER,"DF,MF",Hannover 96,27,1996,28,26,"2,068",23.0,1,0.09,0.13,0.04,0.13,0,5,0,1.4,0.17,0.23,0.23,Matches,97,115,0.04,0.06,0.06
Steven van der Sloot,nlNED,DF,Schalke 04,21,2002,7,3,332,3.7,0,0.00,0.00,0.00,0.00,0,2,0,0.0,0.06,0.07,0.07,Matches,5,9,0.00,0.01,0.01
Jasper van der Werff,chSUI,DF,Hansa Rostock,24,1998,21,19,"1,707",19.0,2,0.00,0.11,0.11,0.11,0,2,0,0.8,0.03,0.07,0.07,Matches,53,20,0.11,0.04,0.04
Oumar Diakhite,snSEN,DF,Osnabrück,29,1993,19,18,"1,483",16.5,1,0.06,0.12,0.06,0.12,0,3,0,1.4,0.06,0.15,0.15,Matches,33,3,0.06,0.09,0.09
Maximilian Dietz,usUSA,DF,Greuther Fürth,21,2002,30,28,"2,302",25.6,0,0.00,0.00,0.00,0.00,0,7,0,0.2,0.01,0.02,0.02,Matches,144,13,0.00,0.01,0.01
Jean-Luc Dompé,frFRA,"FW,MF",Hamburger SV,27,1995,28,17,"1,591",17.7,3,0.40,0.57,0.17,0.57,0,3,0,4.5,0.21,0.47,0.47,Matches,52,209,0.17,0.26,0.26
Anton Donkor,deGER,"DF,FW",Braunschweig,25,1997,33,30,"2,570",28.6,2,0.07,0.14,0.07,0.14,0,3,0,2.3,0.10,0.19,0.19,Matches,73,145,0.07,0.08,0.08
Dennis Dressel,deGER,MF,Hansa Rostock,24,1998,34,32,"2,848",31.6,2,0.06,0.13,0.06,0.13,0,3,0,1.4,0.05,0.09,0.09,Matches,159,38,0.06,0.04,0.04
Patrick Drewes,deGER,GK,Karlsruher,30,1993,32,32,"2,880",32.0,0,0.00,0.00,0.00,0.00,0,2,0,0.0,0.00,0.00,0.00,Matches,3,0,0.00,0.00,0.00
Dominick Drexler,deGER,"MF,FW",Schalke 04,33,1990,11,7,527,5.9,1,0.00,0.17,0.17,0.17,0,0,0,1.2,0.11,0.32,0.32,Matches,31,24,0.17,0.21,0.21
Jeremy Dudziak,tnTUN,"DF,MF",Hertha BSC,27,1995,14,12,845,9.4,1,0.00,0.11,0.11,0.11,0,1,0,0.6,0.05,0.11,0.11,Matches,39,24,0.11,0.06,0.06
Taylan Duman,deGER,MF,Nürnberg,26,1997,19,9,761,8.5,0,0.00,0.00,0.00,0.00,0,2,0,0.8,0.16,0.25,0.25,Matches,39,49,0.00,0.09,0.09
Luca Dürholtz,deGER,"MF,FW",Elversberg,29,1993,15,3,465,5.2,0,0.00,0.00,0.00,0.00,0,3,0,0.4,0.09,0.16,0.16,Matches,17,5,0.00,0.07,0.07
Erik Durm,deGER,"DF,MF",Kaiserslautern,31,1992,4,2,249,2.8,0,0.00,0.00,0.00,0.00,0,0,0,0.0,0.11,0.12,0.12,Matches,8,4,0.00,0.01,0.01
Eldin Dzogovic,luLUX,MF,Magdeburg,20,2003,1,0,28,0.3,0,0.00,0.00,0.00,0.00,0,0,0,0.0,0.00,0.00,0.00,Matches,0,0,0.00,0.00,0.00
Adam Dźwigała,plPOL,"DF,MF",St. Pauli,27,1995,17,7,741,8.2,0,0.00,0.00,0.00,0.00,0,3,0,0.5,0.01,0.06,0.06,Matches,51,7,0.00,0.06,0.06
Johannes Eggestein,deGER,FW,St. Pauli,25,1998,29,27,"2,217",24.6,9,0.16,0.53,0.37,0.53,0,2,0,7.1,0.19,0.48,0.48,Matches,61,171,0.37,0.29,0.29
Daniel Elfadli,lyLBY,"DF,MF",Magdeburg,26,1997,27,26,"2,228",24.8,0,0.00,0.00,0.00,0.00,0,4,2,0.7,0.02,0.04,0.04,Matches,69,17,0.00,0.03,0.03
Jan Elvedi,chSUI,DF,Kaiserslautern,26,1996,33,33,"2,970",33.0,2,0.00,0.06,0.06,0.06,0,4,0,3.2,0.01,0.11,0.11,Matches,86,14,0.06,0.10,0.10
Keita Endo,jpJPN,"MF,DF",Braunschweig,25,1997,6,2,256,2.8,0,0.00,0.00,0.00,0.00,0,0,0,0.0,0.08,0.08,0.08,Matches,9,12,0.00,0.00,0.00
Erik Engelhardt,deGER,FW,Osnabrück,25,1998,32,31,"2,654",29.5,10,0.03,0.37,0.31,0.34,1,0,0,8.1,0.06,0.31,0.34,Matches,51,142,0.34,0.28,0.25
Marcel Engelhardt,deGER,GK,Holstein Kiel,30,1993,1,1,90,1.0,0,0.00,0.00,0.00,0.00,0,0,0,0.0,0.00,0.00,0.00,Matches,0,0,0.00,0.00,0.00
Yannik Engelhardt,deGER,MF,Düsseldorf,22,2001,30,28,"2,529",28.1,3,0.07,0.18,0.11,0.18,0,8,0,2.3,0.06,0.14,0.14,Matches,132,47,0.11,0.08,0.08
Martin Ens,deGER,DF,Paderborn 07,21,2001,4,4,313,3.5,0,0.00,0.00,0.00,0.00,0,1,1,0.0,0.00,0.00,0.00,Matches,1,0,0.00,0.00,0.00
Sebastian Ernst,deGER,"MF,FW",Hannover 96,28,1995,26,10,986,11.0,1,0.00,0.09,0.09,0.09,0,0,0,2.2,0.07,0.27,0.27,Matches,53,59,0.09,0.20,0.20
Tjark Ernst,deGER,GK,Hertha BSC,20,2003,27,27,"2,430",27.0,0,0.00,0.00,0.00,0.00,0,1,0,0.0,0.00,0.00,0.00,Matches,0,0,0.00,0.00,0.00
Patrick Erras,deGER,DF,Holstein Kiel,28,1995,24,24,"2,070",23.0,1,0.00,0.04,0.04,0.04,0,3,0,1.2,0.02,0.07,0.07,Matches,75,4,0.04,0.05,0.05
Ali-Eren Ersungur,trTUR,"MF,FW",Karlsruher,17,2005,4,0,47,0.5,0,0.00,0.00,0.00,0.00,0,0,0,0.2,0.00,0.32,0.32,Matches,3,1,0.00,0.32,0.32
Brooklyn Ezeh,deGER,DF,Hannover 96,22,2001,12,2,330,3.7,0,0.27,0.27,0.00,0.27,0,2,0,0.0,0.13,0.14,0.14,Matches,8,10,0.00,0.01,0.01
Kimberly Ezekwem,deGER,DF,Paderborn 07,22,2001,7,4,408,4.5,0,0.00,0.00,0.00,0.00,0,0,0,0.1,0.00,0.02,0.02,Matches,15,16,0.00,0.02,0.02
Wahid Faghir,dkDEN,FW,Elversberg,20,2003,17,4,534,5.9,3,0.17,0.67,0.51,0.67,0,3,0,2.3,0.12,0.50,0.50,Matches,12,44,0.51,0.38,0.38
Ralf Fährmann,deGER,GK,Schalke 04,34,1988,9,9,810,9.0,0,0.00,0.00,0.00,0.00,0,1,0,0.0,0.00,0.00,0.00,Matches,0,0,0.00,0.00,0.00
Gino Fechner,deGER,MF,Wehen,25,1997,25,21,"1,654",18.4,0,0.11,0.11,0.00,0.11,0,7,0,0.3,0.02,0.04,0.04,Matches,47,14,0.00,0.01,0.01
Manuel Feil,deGER,"FW,MF",Elversberg,28,1994,34,25,"2,147",23.9,3,0.04,0.17,0.13,0.17,0,4,0,3.9,0.06,0.23,0.23,Matches,80,130,0.13,0.16,0.16
Robin Fellhauer,deGER,"MF,DF",Elversberg,25,1998,29,29,"2,566",28.5,0,0.14,0.14,0.00,0.14,0,4,0,0.9,0.12,0.15,0.15,Matches,129,68,0.00,0.03,0.03
Hampus Finndell,seSWE,MF,Braunschweig,23,2000,9,1,247,2.7,0,0.00,0.00,0.00,0.00,0,2,0,0.2,0.04,0.12,0.12,Matches,10,3,0.00,0.08,0.08
Florian Flick,deGER,MF,Nürnberg,23,2000,27,26,"2,299",25.5,2,0.04,0.12,0.08,0.12,0,5,0,0.5,0.06,0.08,0.08,Matches,93,13,0.08,0.02,0.02
Moritz Flotho,deGER,FW,Paderborn 07,21,2002,1,1,63,0.7,0,0.00,0.00,0.00,0.00,0,0,0,0.0,0.00,0.03,0.03,Matches,1,3,0.00,0.03,0.03
Antonio Foti,cyCYP,"MF,FW",Hannover 96,19,2003,6,0,62,0.7,0,1.45,1.45,0.00,1.45,0,0,0,0.0,0.40,0.45,0.45,Matches,6,6,0.00,0.05,0.05
Marcel Franke,deGER,DF,Karlsruher,30,1993,31,31,"2,699",30.0,2,0.03,0.10,0.07,0.10,0,6,0,1.9,0.03,0.10,0.10,Matches,130,2,0.07,0.06,0.06
Hólmbert Friðjónsson,isISL,"FW,MF",Holstein Kiel,30,1993,14,2,364,4.0,1,0.00,0.25,0.25,0.25,0,1,0,1.8,0.32,0.76,0.76,Matches,5,16,0.25,0.44,0.44
Kianz Froese,caCAN,"MF,FW",Wehen,27,1996,22,9,784,8.7,1,0.00,0.11,0.11,0.11,0,3,0,2.0,0.11,0.34,0.34,Matches,35,63,0.11,0.23,0.23
Nils Fröling,seSWE,"MF,FW",Hansa Rostock,23,2000,28,15,"1,386",15.4,2,0.06,0.19,0.13,0.19,0,0,0,2.0,0.09,0.22,0.22,Matches,26,60,0.13,0.13,0.13
Nicolas Gavory,frFRA,DF,Düsseldorf,28,1995,25,18,"1,483",16.5,0,0.24,0.24,0.00,0.24,0,3,0,0.5,0.19,0.22,0.22,Matches,70,107,0.00,0.03,0.03
Linus Gechter,deGER,DF,Hertha BSC,19,2004,16,10,"1,029",11.4,1,0.00,0.09,0.09,0.09,0,2,0,0.7,0.03,0.08,0.08,Matches,32,1,0.09,0.06,0.06
Johannes Geis,deGER,MF,Nürnberg,29,1993,12,3,326,3.6,0,0.00,0.00,0.00,0.00,0,1,0,0.1,0.08,0.12,0.12,Matches,12,1,0.00,0.04,0.04
Marius Gersbeck,deGER,GK,Hertha BSC,28,1995,4,4,360,4.0,0,0.00,0.00,0.00,0.00,0,0,0,0.0,0.00,0.00,0.00,Matches,0,0,0.00,0.00,0.00
Niko Gießelmann,deGER,DF,Greuther Fürth,31,1991,10,10,679,7.5,0,0.00,0.00,0.00,0.00,0,1,0,0.3,0.05,0.09,0.09,Matches,31,16,0.00,0.05,0.05
Daniel Ginczek,deGER,FW,Düsseldorf,32,1991,10,4,366,4.1,1,0.00,0.25,0.25,0.25,0,1,0,1.1,0.04,0.31,0.31,Matches,9,18,0.25,0.26,0.26
Lars Gindorf,deGER,"MF,FW",Hannover 96,21,2001,10,5,418,4.6,2,0.22,0.65,0.43,0.65,0,1,0,2.8,0.32,0.92,0.92,Matches,20,28,0.43,0.60,0.60
Robert Glatzel,deGER,FW,Hamburger SV,29,1994,32,30,"2,642",29.4,22,0.14,0.89,0.68,0.82,2,1,0,22.4,0.14,0.85,0.90,Matches,42,153,0.75,0.76,0.71
Dave Gnaase,deGER,MF,Osnabrück,26,1996,31,28,"2,526",28.1,4,0.00,0.14,0.11,0.11,1,14,0,1.6,0.02,0.05,0.08,Matches,111,19,0.14,0.06,0.03
Silas Gnaka,ciCIV,"MF,DF",Magdeburg,24,1998,32,27,"2,405",26.7,4,0.15,0.30,0.15,0.30,0,2,0,1.9,0.18,0.25,0.25,Matches,193,28,0.15,0.07,0.07
Thomas Goiginger,atAUT,FW,Osnabrück,30,1993,9,2,183,2.0,0,0.00,0.00,0.00,0.00,0,1,0,0.3,0.59,0.73,0.73,Matches,4,10,0.00,0.14,0.14
Benjamin Goller,deGER,"FW,MF",Nürnberg,24,1999,31,28,"2,206",24.5,2,0.08,0.16,0.08,0.16,0,3,0,4.1,0.18,0.35,0.35,Matches,51,233,0.08,0.17,0.17
Johan Gomez,usUSA,"FW,MF",Braunschweig,22,2001,34,28,"2,222",24.7,3,0.12,0.24,0.12,0.24,0,4,0,6.0,0.11,0.35,0.35,Matches,47,107,0.12,0.24,0.24
Jérôme Gondorf,deGER,MF,Karlsruher,35,1988,28,27,"2,319",25.8,1,0.04,0.08,0.04,0.08,0,5,0,1.3,0.05,0.10,0.10,Matches,117,50,0.04,0.05,0.05
Thijmen Goppel,nlNED,DF,Wehen,26,1997,32,26,"2,192",24.4,3,0.21,0.33,0.12,0.33,0,4,0,2.3,0.14,0.24,0.24,Matches,59,145,0.12,0.10,0.10
Julian Green,usUSA,MF,Greuther Fürth,28,1995,25,24,"2,085",23.2,4,0.22,0.39,0.09,0.30,2,5,1,4.4,0.13,0.25,0.32,Matches,105,101,0.17,0.19,0.12
Sebastian Griesbeck,deGER,"DF,MF",Braunschweig,32,1990,23,10,"1,049",11.7,0,0.00,0.00,0.00,0.00,0,1,0,0.3,0.01,0.04,0.04,Matches,35,5,0.00,0.03,0.03
Lennart Grill,deGER,GK,Osnabrück,24,1999,15,15,"1,350",15.0,0,0.00,0.00,0.00,0.00,0,0,0,0.0,0.00,0.00,0.00,Matches,0,0,0.00,0.00,0.00
Adriano Grimaldi,deGER,"FW,MF",Paderborn 07,32,1991,28,12,"1,306",14.5,9,0.07,0.69,0.62,0.69,1,6,1,7.2,0.23,0.67,0.73,Matches,34,79,0.62,0.50,0.44
Serhat Güler,deGER,"FW,MF",Hansa Rostock,26,1997,10,0,75,0.8,0,0.00,0.00,0.00,0.00,0,0,0,0.0,0.00,0.03,0.03,Matches,1,7,0.00,0.03,0.03
Lasse Günther,deGER,"DF,MF",Wehen,20,2003,22,14,"1,032",11.5,1,0.17,0.26,0.09,0.26,0,2,0,0.5,0.24,0.28,0.28,Matches,29,51,0.09,0.05,0.05
Ahmet Gürleyen,deGER,DF,Nürnberg,24,1999,15,11,953,10.6,0,0.00,0.00,0.00,0.00,0,1,1,0.5,0.04,0.09,0.09,Matches,26,0,0.00,0.05,0.05
Sveinn Guðjohnsen,isISL,"FW,MF",Hansa Rostock,25,1998,12,1,180,2.0,1,0.00,0.50,0.50,0.50,0,1,0,0.8,0.07,0.46,0.46,Matches,4,10,0.50,0.40,0.40
Jan Gyamerah,deGER,DF,Nürnberg,28,1995,28,25,"2,205",24.5,2,0.08,0.16,0.04,0.12,1,7,0,1.4,0.08,0.10,0.13,Matches,141,54,0.08,0.06,0.02
Maxwell Gyamfi,deGER,DF,Osnabrück,23,2000,32,30,"2,754",30.6,1,0.00,0.03,0.03,0.03,0,6,1,1.2,0.03,0.06,0.06,Matches,62,16,0.03,0.04,0.04
Oussama Haddadi,tnTUN,DF,Greuther Fürth,31,1992,28,13,"1,461",16.2,0,0.06,0.06,0.00,0.06,0,2,0,0.5,0.08,0.11,0.11,Matches,84,78,0.00,0.03,0.03
Dennis Hadzikadunic,baBIH,DF,Hamburger SV,25,1998,24,22,"1,931",21.5,1,0.00,0.05,0.05,0.05,0,8,1,0.7,0.00,0.04,0.04,Matches,150,6,0.05,0.03,0.03
Marcel Halstenberg,deGER,DF,Hannover 96,31,1991,32,32,"2,833",31.5,5,0.16,0.32,0.10,0.25,2,4,1,5.0,0.06,0.17,0.22,Matches,132,21,0.16,0.16,0.11
Tim Handwerker,deGER,"DF,MF",Nürnberg,25,1998,11,7,697,7.7,2,0.26,0.52,0.13,0.39,1,2,0,1.7,0.26,0.38,0.48,Matches,32,17,0.26,0.22,0.12
Mohamed El Hankouri,maMAR,"MF,DF",Magdeburg,26,1997,18,15,"1,317",14.6,5,0.07,0.41,0.14,0.21,3,6,0,3.6,0.06,0.14,0.30,Matches,90,72,0.34,0.25,0.09
Mattes Hansen,deGER,MF,Paderborn 07,19,2004,18,14,"1,181",13.1,2,0.00,0.15,0.15,0.15,0,2,0,0.7,0.05,0.10,0.10,Matches,43,12,0.15,0.05,0.05
Daniel Hanslik,deGER,"FW,MF",Kaiserslautern,26,1996,24,7,808,9.0,4,0.11,0.56,0.45,0.56,0,1,0,3.2,0.09,0.45,0.45,Matches,31,28,0.45,0.35,0.35
Marcel Hartel,deGER,"MF,FW",St. Pauli,27,1996,33,33,"2,957",32.9,17,0.37,0.88,0.43,0.79,3,0,0,13.1,0.21,0.54,0.61,Matches,160,199,0.52,0.40,0.33
Daichi Hayashi,jpJPN,FW,Nürnberg,26,1997,14,6,630,7.0,2,0.14,0.43,0.29,0.43,0,2,0,3.2,0.04,0.49,0.49,Matches,15,36,0.29,0.45,0.45
Daniel Heber,deGER,DF,Magdeburg,29,1994,33,33,"2,900",32.2,2,0.00,0.06,0.06,0.06,0,5,1,1.4,0.00,0.05,0.05,Matches,200,19,0.06,0.04,0.04
Justin Heekeren,deGER,GK,Schalke 04,22,2000,2,2,180,2.0,0,0.00,0.00,0.00,0.00,0,0,0,0.0,0.00,0.00,0.00,Matches,0,0,0.00,0.00,0.00
Philip Heise,deGER,DF,Karlsruher,32,1991,24,22,"1,858",20.6,1,0.29,0.34,0.05,0.34,0,4,0,0.9,0.26,0.30,0.30,Matches,135,120,0.05,0.04,0.04
Philipp Hercher,deGER,"FW,DF",Kaiserslautern,27,1996,8,0,129,1.4,0,0.00,0.00,0.00,0.00,0,1,0,0.1,0.23,0.28,0.28,Matches,2,18,0.00,0.05,0.05
David Herold,deGER,DF,Karlsruher,20,2003,23,12,"1,081",12.0,1,0.08,0.17,0.08,0.17,0,0,0,0.5,0.07,0.11,0.11,Matches,43,64,0.08,0.04,0.04
Daniel Heuer Fernandes,ptPOR,GK,Hamburger SV,30,1992,20,20,"1,800",20.0,0,0.00,0.00,0.00,0.00,0,1,0,0.0,0.00,0.00,0.00,Matches,3,0,0.00,0.00,0.00
Jannis Heuer,deGER,DF,Paderborn 07,24,1999,18,7,791,8.8,1,0.00,0.11,0.11,0.11,0,4,0,1.4,0.01,0.17,0.17,Matches,34,3,0.11,0.16,0.16
Robin Heußer,deGER,MF,Wehen,25,1998,34,34,"2,994",33.3,1,0.18,0.21,0.03,0.21,0,2,0,3.5,0.26,0.36,0.36,Matches,160,73,0.03,0.11,0.11
Moritz Heyer,deGER,DF,Hamburger SV,28,1995,17,5,649,7.2,1,0.00,0.14,0.14,0.14,0,8,1,0.4,0.08,0.14,0.14,Matches,55,23,0.14,0.06,0.06
Robin Himmelmann,deGER,GK,Kaiserslautern,34,1989,3,3,270,3.0,0,0.00,0.00,0.00,0.00,0,0,0,0.0,0.00,0.00,0.00,Matches,0,0,0.00,0.00,0.00
Lukas Hinterseer,atAUT,"MF,DF",Hansa Rostock,32,1991,7,0,28,0.3,0,3.21,3.21,0.00,3.21,0,1,0,0.4,1.88,3.29,3.29,Matches,2,4,0.00,1.41,1.41
André Hoffmann,deGER,DF,Düsseldorf,30,1993,14,11,935,10.4,1,0.00,0.10,0.10,0.10,0,2,0,0.7,0.01,0.08,0.08,Matches,51,2,0.10,0.06,0.06
Ron-Thorben Hoffmann,deGER,GK,Braunschweig,24,1999,33,33,"2,970",33.0,0,0.00,0.00,0.00,0.00,0,1,0,0.0,0.00,0.00,0.00,Matches,4,0,0.00,0.00,0.00
Tim Hoffmann,deGER,DF,Hertha BSC,18,2005,1,0,24,0.3,0,0.00,0.00,0.00,0.00,0,0,0,0.0,0.00,0.00,0.00,Matches,0,0,0.00,0.00,0.00
Marcel Hoffmeier,deGER,DF,Paderborn 07,24,1999,32,29,"2,619",29.1,0,0.03,0.03,0.00,0.03,0,3,0,0.4,0.04,0.06,0.06,Matches,120,38,0.00,0.01,0.01
Jannik Hofmann,deGER,"FW,MF",Nürnberg,21,2002,5,2,281,3.1,0,0.32,0.32,0.00,0.32,0,1,0,0.1,0.18,0.20,0.20,Matches,5,20,0.00,0.02,0.02
Lewis Holtby,deGER,MF,Holstein Kiel,32,1990,31,25,"2,255",25.1,5,0.28,0.48,0.20,0.48,0,9,1,3.3,0.19,0.33,0.33,Matches,133,95,0.20,0.13,0.13
Jannes Horn,deGER,DF,Nürnberg,26,1997,27,24,"2,180",24.2,0,0.04,0.04,0.00,0.04,0,9,0,0.6,0.03,0.05,0.05,Matches,88,6,0.00,0.03,0.03
Andi Hoti,xkKVX,DF,Magdeburg,20,2003,19,7,801,8.9,0,0.00,0.00,0.00,0.00,0,0,0,0.1,0.01,0.03,0.03,Matches,31,8,0.00,0.01,0.01
Branimir Hrgota,seSWE,"MF,FW",Greuther Fürth,30,1993,33,33,"2,908",32.3,11,0.15,0.50,0.34,0.50,3,5,0,8.9,0.20,0.40,0.48,Matches,166,203,0.34,0.28,0.20
Florian Hübner,deGER,DF,Nürnberg,32,1991,11,5,567,6.3,0,0.00,0.00,0.00,0.00,0,0,0,0.4,0.02,0.09,0.09,Matches,18,2,0.00,0.06,0.06
Jean Hugonet,frFRA,"MF,DF",Magdeburg,23,1999,14,12,933,10.4,1,0.00,0.10,0.10,0.10,0,5,1,0.9,0.03,0.12,0.12,Matches,41,5,0.10,0.08,0.08
Joseph Hungbo,engENG,"FW,MF",Nürnberg,23,2000,17,4,416,4.6,0,0.00,0.00,0.00,0.00,0,5,1,0.5,0.25,0.35,0.35,Matches,13,47,0.00,0.10,0.10
Oliver Hüsing,deGER,DF,Hansa Rostock,30,1993,15,10,880,9.8,0,0.10,0.10,0.00,0.10,0,4,1,1.2,0.02,0.14,0.14,Matches,19,8,0.00,0.12,0.12
Bilal Hussein,seSWE,MF,Hertha BSC,23,2000,17,2,478,5.3,1,0.19,0.38,0.19,0.38,0,1,0,0.5,0.14,0.23,0.23,Matches,24,13,0.19,0.09,0.09
Jannik Huth,deGER,GK,Paderborn 07,29,1994,14,14,"1,260",14.0,0,0.00,0.00,0.00,0.00,0,0,0,0.0,0.05,0.05,0.05,Matches,3,0,0.00,0.00,0.00
Lee Hyunju,krKOR,"MF,FW",Wehen,20,2003,28,20,"1,524",16.9,4,0.00,0.24,0.24,0.24,0,3,2,3.5,0.05,0.25,0.25,Matches,64,79,0.24,0.21,0.21
Blendi Idrizi,xkKVX,"MF,FW",Schalke 04,25,1998,16,7,647,7.2,1,0.28,0.42,0.14,0.42,0,2,0,0.5,0.12,0.18,0.18,Matches,26,36,0.14,0.07,0.07
Luc Ihorst,deGER,FW,Braunschweig,23,2000,7,1,161,1.8,0,0.00,0.00,0.00,0.00,0,0,0,0.0,0.03,0.04,0.04,Matches,2,10,0.00,0.01,0.01
Svante Ingelsson,seSWE,"MF,FW",Hansa Rostock,25,1998,30,28,"2,319",25.8,1,0.16,0.19,0.04,0.19,0,9,0,3.9,0.18,0.33,0.33,Matches,78,191,0.04,0.15,0.15
John Iredale,auAUS,"FW,MF",Wehen,23,1999,23,6,734,8.2,3,0.12,0.49,0.25,0.37,1,0,0,3.3,0.14,0.44,0.54,Matches,20,72,0.37,0.40,0.31
Jackson Irvine,auAUS,MF,St. Pauli,30,1993,27,26,"2,360",26.2,6,0.34,0.57,0.23,0.57,0,8,0,5.6,0.22,0.43,0.43,Matches,151,104,0.23,0.21,0.21
Tatsuya Ito,jpJPN,"FW,MF",Magdeburg,26,1997,31,5,872,9.7,2,0.21,0.41,0.21,0.41,0,2,0,2.1,0.18,0.40,0.40,Matches,34,170,0.21,0.22,0.22
Gian-Luca Itter,deGER,DF,Greuther Fürth,24,1999,15,15,"1,243",13.8,0,0.00,0.00,0.00,0.00,0,1,0,0.1,0.06,0.07,0.07,Matches,76,24,0.00,0.01,0.01
Robert Ivanov,fiFIN,DF,Braunschweig,28,1994,27,26,"2,150",23.9,1,0.04,0.08,0.04,0.08,0,6,0,1.6,0.03,0.09,0.09,Matches,79,11,0.04,0.07,0.07
Marko Ivezić,rsSRB,"DF,MF",Holstein Kiel,21,2001,29,22,"1,900",21.1,1,0.00,0.05,0.05,0.05,0,4,0,1.1,0.02,0.07,0.07,Matches,65,16,0.05,0.05,0.05
Emmanuel Iyoha,deGER,"DF,FW",Düsseldorf,25,1997,24,22,"1,885",20.9,1,0.05,0.10,0.05,0.10,0,5,0,1.2,0.03,0.09,0.09,Matches,70,96,0.05,0.06,0.06
Bjarke Jacobsen,dkDEN,MF,Wehen,29,1993,24,13,"1,303",14.5,0,0.07,0.07,0.00,0.07,0,1,1,0.2,0.07,0.08,0.08,Matches,42,12,0.00,0.01,0.01
Thore Jacobsen,deGER,MF,Elversberg,26,1997,30,17,"1,625",18.1,3,0.11,0.28,0.06,0.17,2,6,0,1.8,0.09,0.10,0.19,Matches,71,18,0.17,0.10,0.01
Frederik Jäkel,deGER,DF,Elversberg,22,2001,18,16,"1,364",15.2,1,0.07,0.13,0.07,0.13,0,0,1,0.5,0.01,0.05,0.05,Matches,38,5,0.07,0.03,0.03
Dennis Jastrzembski,plPOL,"FW,DF",Düsseldorf,23,2000,20,4,579,6.4,1,0.47,0.62,0.16,0.62,0,2,0,0.8,0.45,0.58,0.58,Matches,27,44,0.16,0.13,0.13
Bakery Jatta,gmGAM,"FW,MF",Hamburger SV,25,1998,32,25,"2,257",25.1,5,0.16,0.36,0.20,0.36,0,6,0,5.1,0.29,0.50,0.50,Matches,68,269,0.20,0.20,0.20
Finn Jeltsch,deGER,DF,Nürnberg,17,2006,13,12,"1,125",12.5,0,0.00,0.00,0.00,0.00,0,3,0,0.1,0.00,0.01,0.01,Matches,30,1,0.00,0.01,0.01
Leon Jensen,deGER,MF,Karlsruher,26,1997,26,17,"1,462",16.2,2,0.06,0.18,0.12,0.18,0,8,0,1.3,0.08,0.16,0.16,Matches,100,56,0.12,0.08,0.08
Nader El-Jindaoui,deGER,FW,Hertha BSC,26,1996,1,0,30,0.3,0,0.00,0.00,0.00,0.00,0,0,0,0.0,0.17,0.17,0.17,Matches,0,3,0.00,0.00,0.00
Þórir Jóhann Helgason,isISL,MF,Braunschweig,22,2000,27,21,"1,661",18.5,3,0.22,0.38,0.16,0.38,0,2,0,2.9,0.09,0.24,0.24,Matches,75,46,0.16,0.16,0.16
Ísak Jóhannesson,isISL,MF,Düsseldorf,20,2003,29,24,"2,123",23.6,4,0.21,0.38,0.17,0.38,0,5,0,3.0,0.15,0.28,0.28,Matches,129,95,0.17,0.13,0.13
Carl Johansson,seSWE,DF,Holstein Kiel,29,1994,12,7,713,7.9,0,0.00,0.00,0.00,0.00,0,3,1,0.5,0.00,0.06,0.06,Matches,30,0,0.00,0.06,0.06
Antonio Jonjić,deGER,"FW,MF",Wehen,23,1999,11,1,284,3.2,0,0.00,0.00,0.00,0.00,0,1,0,0.1,0.00,0.03,0.03,Matches,9,19,0.00,0.03,0.03
Gideon Jung,deGER,DF,Greuther Fürth,28,1994,28,27,"2,311",25.7,1,0.04,0.08,0.04,0.08,0,9,0,1.5,0.02,0.08,0.08,Matches,110,10,0.04,0.06,0.06
Sebastian Jung,deGER,DF,Karlsruher,33,1990,30,29,"2,393",26.6,0,0.26,0.26,0.00,0.26,0,3,0,0.3,0.17,0.18,0.18,Matches,137,135,0.00,0.01,0.01
Yusuf Kabadayı,deGER,"MF,FW",Schalke 04,19,2004,23,11,"1,148",12.8,4,0.00,0.31,0.31,0.31,0,5,0,3.0,0.08,0.31,0.31,Matches,22,78,0.31,0.24,0.24
Julius Kade,deGER,MF,Wehen,24,1999,8,4,261,2.9,0,0.00,0.00,0.00,0.00,0,0,0,0.2,0.20,0.27,0.27,Matches,7,9,0.00,0.06,0.06
Tomáš Kalas,czCZE,DF,Schalke 04,30,1993,25,24,"2,108",23.4,1,0.00,0.04,0.04,0.04,0,1,0,0.9,0.01,0.05,0.05,Matches,57,5,0.04,0.04,0.04
Filip Kaloč,czCZE,MF,Kaiserslautern,23,2000,16,16,"1,348",15.0,2,0.00,0.13,0.13,0.13,0,5,0,0.8,0.04,0.09,0.09,Matches,52,16,0.13,0.05,0.05
Marcin Kamiński,plPOL,DF,Schalke 04,31,1992,30,29,"2,646",29.4,2,0.00,0.07,0.07,0.07,0,5,0,0.9,0.01,0.04,0.04,Matches,117,10,0.07,0.03,0.03
Julian Kania,esESP,FW,Nürnberg,21,2001,4,0,57,0.6,0,0.00,0.00,0.00,0.00,0,0,0,0.2,0.00,0.40,0.40,Matches,1,2,0.00,0.40,0.40
Jimmy Kaparos,deGER,DF,Schalke 04,21,2001,1,0,12,0.1,0,0.00,0.00,0.00,0.00,0,0,0,0.1,0.00,0.62,0.62,Matches,0,1,0.00,0.62,0.62
Kenan Karaman,trTUR,"MF,FW",Schalke 04,29,1994,29,28,"2,344",26.0,13,0.31,0.81,0.42,0.73,3,5,1,11.4,0.20,0.55,0.64,Matches,71,186,0.50,0.44,0.35
Michał Karbownik,plPOL,DF,Hertha BSC,22,2001,24,23,"2,040",22.7,0,0.09,0.09,0.00,0.09,0,2,0,0.6,0.04,0.06,0.06,Matches,96,49,0.00,0.02,0.02
Florian Kastenmeier,deGER,GK,Düsseldorf,26,1997,33,33,"2,970",33.0,0,0.00,0.00,0.00,0.00,0,2,0,0.0,0.00,0.00,0.00,Matches,6,0,0.00,0.00,0.00
Noah Katterbach,deGER,DF,Hamburger SV,22,2001,6,3,222,2.5,0,0.00,0.00,0.00,0.00,0,1,0,0.1,0.00,0.04,0.04,Matches,16,16,0.00,0.04,0.04
Fabio Kaufmann,deGER,"MF,FW",Braunschweig,30,1992,32,29,"2,224",24.7,6,0.04,0.28,0.24,0.28,0,8,0,3.4,0.18,0.32,0.32,Matches,69,161,0.24,0.14,0.14
Lars Kehl,deGER,"MF,FW",Osnabrück,21,2002,10,2,277,3.1,1,0.00,0.32,0.00,0.00,1,0,0,1.0,0.17,0.23,0.49,Matches,12,13,0.32,0.32,0.07
Aljoscha Kemlein,deGER,MF,St. Pauli,18,2004,17,12,987,11.0,0,0.18,0.18,0.00,0.18,0,2,0,2.1,0.11,0.30,0.30,Matches,42,40,0.00,0.19,0.19
Marc-Oliver Kempf,deGER,DF,Hertha BSC,28,1995,23,22,"1,832",20.4,4,0.00,0.20,0.20,0.20,0,3,1,1.6,0.07,0.14,0.14,Matches,80,2,0.20,0.08,0.08
Jonjoe Kenny,engENG,DF,Hertha BSC,26,1997,29,28,"2,533",28.1,3,0.18,0.28,0.11,0.28,0,7,0,1.2,0.08,0.13,0.13,Matches,135,70,0.11,0.04,0.04
Niko Kijewski,deGER,DF,Braunschweig,27,1996,4,2,191,2.1,0,0.00,0.00,0.00,0.00,0,0,0,0.0,0.17,0.17,0.17,Matches,6,3,0.00,0.00,0.00
Christian Kinsombi,deGER,MF,Hansa Rostock,23,1999,19,10,890,9.9,1,0.00,0.10,0.10,0.10,1,2,0,1.3,0.03,0.08,0.16,Matches,37,44,0.10,0.13,0.05
David Kinsombi,cdCOD,"MF,DF",Paderborn 07,27,1995,30,20,"1,791",19.9,3,0.05,0.20,0.05,0.10,2,3,0,3.5,0.05,0.15,0.23,Matches,61,43,0.15,0.18,0.10
Orestis Kiomourtzoglou,deGER,"MF,DF",Greuther Fürth,25,1998,7,3,286,3.2,0,0.00,0.00,0.00,0.00,0,2,0,0.1,0.01,0.05,0.05,Matches,11,3,0.00,0.05,0.05
Mikkel Kirkeskov,dkDEN,"DF,FW",Holstein Kiel,31,1991,6,0,75,0.8,0,0.00,0.00,0.00,0.00,0,0,0,0.0,0.37,0.37,0.37,Matches,0,1,0.00,0.00,0.00
Sebastian Klaas,deGER,"MF,FW",Paderborn 07,25,1998,32,23,"1,985",22.1,3,0.09,0.23,0.14,0.23,0,4,0,4.3,0.07,0.26,0.26,Matches,119,99,0.14,0.20,0.20
Carl Klaus,deGER,GK,Nürnberg,29,1994,19,18,"1,640",18.2,0,0.00,0.00,0.00,0.00,0,1,0,0.0,0.00,0.00,0.00,Matches,0,0,0.00,0.00,0.00
Felix Klaus,deGER,"FW,MF",Düsseldorf,30,1992,30,27,"2,095",23.3,6,0.09,0.34,0.26,0.34,0,6,0,6.0,0.10,0.36,0.36,Matches,42,181,0.26,0.26,0.26
Kai Klefisch,deGER,MF,Paderborn 07,23,1999,29,24,"1,953",21.7,1,0.05,0.09,0.05,0.09,0,7,1,1.0,0.08,0.12,0.12,Matches,119,21,0.05,0.05,0.05
Colin Kleine-Bekel,deGER,DF,Holstein Kiel,20,2003,24,24,"2,118",23.5,0,0.00,0.00,0.00,0.00,0,2,0,0.7,0.00,0.03,0.03,Matches,88,14,0.00,0.03,0.03
Florian Kleinhansl,deGER,DF,Osnabrück,22,2000,33,33,"2,938",32.6,1,0.09,0.12,0.03,0.12,0,7,0,1.1,0.09,0.12,0.12,Matches,159,79,0.03,0.03,0.03
Pascal Klemens,deGER,"MF,DF",Hertha BSC,18,2005,22,20,"1,562",17.4,1,0.00,0.06,0.06,0.06,0,4,0,1.1,0.03,0.10,0.10,Matches,45,19,0.06,0.06,0.06
Philipp Klement,deGER,MF,Kaiserslautern,30,1992,12,2,285,3.2,0,0.32,0.32,0.00,0.32,0,0,0,0.2,0.22,0.28,0.28,Matches,21,14,0.00,0.06,0.06
Christoph Kobald,atAUT,DF,Karlsruher,25,1997,11,5,521,5.8,1,0.00,0.17,0.17,0.17,0,0,0,0.7,0.00,0.12,0.12,Matches,14,1,0.17,0.12,0.12
Koffi,ciCIV,"FW,MF",Elversberg,37,1986,10,1,126,1.4,1,0.00,0.71,0.71,0.71,0,3,0,1.1,0.05,0.87,0.87,Matches,5,5,0.71,0.82,0.82
Derrick Köhn,deGER,"DF,MF",Hannover 96,24,1999,20,20,"1,751",19.5,3,0.26,0.41,0.15,0.41,0,3,0,2.1,0.14,0.25,0.25,Matches,36,139,0.15,0.11,0.11
Markus Kolke,deGER,GK,Hansa Rostock,32,1990,33,33,"2,942",32.7,0,0.00,0.00,0.00,0.00,0,3,1,0.1,0.01,0.01,0.01,Matches,1,1,0.00,0.00,0.00
Marco Komenda,hrCRO,DF,Holstein Kiel,26,1996,21,13,"1,186",13.2,0,0.00,0.00,0.00,0.00,0,1,0,0.5,0.04,0.08,0.08,Matches,61,14,0.00,0.04,0.04
Ransford Königsdörffer,ghGHA,"FW,MF",Hamburger SV,21,2001,30,16,"1,479",16.4,2,0.24,0.37,0.12,0.37,0,3,0,4.9,0.20,0.49,0.49,Matches,38,151,0.12,0.30,0.30
Nils-Jonathan Körber,deGER,GK,Hansa Rostock,26,1996,2,1,115,1.3,0,0.00,0.00,0.00,0.00,0,0,0,0.0,0.00,0.00,0.00,Matches,0,0,0.00,0.00,0.00
Koen Kostons,nlNED,"FW,MF",Paderborn 07,23,1999,17,16,"1,212",13.5,4,0.07,0.37,0.30,0.37,0,2,0,2.6,0.14,0.32,0.34,Matches,34,86,0.30,0.20,0.18
Franko Kovačević,hrCRO,"FW,MF",Wehen,23,1999,23,12,"1,053",11.7,4,0.00,0.34,0.34,0.34,0,1,0,3.6,0.07,0.38,0.38,Matches,19,80,0.34,0.31,0.31
Soichiro Kozuki,jpJPN,"FW,MF",Schalke 04,22,2000,5,1,182,2.0,0,0.00,0.00,0.00,0.00,0,0,0,0.6,0.02,0.30,0.30,Matches,2,23,0.00,0.28,0.28
Julian Krahl,deGER,GK,Kaiserslautern,23,2000,30,29,"2,660",29.6,0,0.00,0.00,0.00,0.00,0,2,0,0.0,0.00,0.00,0.00,Matches,0,0,0.00,0.00,0.00
Elija Krahn,deGER,MF,Hamburger SV,19,2003,3,0,3,0.0,0,0.00,0.00,0.00,0.00,0,0,0,0.0,0.00,0.00,0.00,Matches,0,0,0.00,0.00,0.00
Kevin Kraus,deGER,DF,Kaiserslautern,30,1992,17,15,"1,304",14.5,2,0.00,0.14,0.07,0.07,2,2,0,2.6,0.01,0.07,0.19,Matches,26,2,0.14,0.18,0.07
Robin Krauße,deGER,MF,Braunschweig,29,1994,29,26,"2,162",24.0,1,0.12,0.17,0.04,0.17,0,8,1,0.4,0.10,0.11,0.11,Matches,111,24,0.04,0.02,0.02
Connor Krempicki,deGER,MF,Magdeburg,28,1994,21,7,"1,038",11.5,4,0.17,0.52,0.35,0.52,0,4,0,1.9,0.21,0.37,0.37,Matches,76,63,0.35,0.17,0.17
Nicolas Kristof,deGER,GK,Elversberg,23,1999,33,33,"2,970",33.0,0,0.00,0.00,0.00,0.00,0,1,0,0.0,0.00,0.00,0.00,Matches,0,0,0.00,0.00,0.00
Florian Krüger,deGER,FW,Braunschweig,24,1999,22,12,994,11.0,2,0.18,0.36,0.18,0.36,0,1,0,1.7,0.12,0.27,0.27,Matches,27,64,0.18,0.15,0.15
Max Kruse,deGER,"FW,MF",Paderborn 07,35,1988,5,2,197,2.2,0,0.46,0.46,0.00,0.46,0,0,0,0.8,0.55,0.90,0.90,Matches,13,11,0.00,0.35,0.35
Emir Kuhinja,deGER,"FW,MF",Magdeburg,21,2002,3,0,16,0.2,1,0.00,5.63,5.63,5.63,0,0,0,0.7,0.00,3.88,3.88,Matches,0,2,5.63,3.88,3.88
Philipp Kühn,deGER,GK,Osnabrück,30,1992,19,19,"1,703",18.9,0,0.05,0.05,0.00,0.05,0,2,0,0.0,0.00,0.00,0.00,Matches,2,0,0.00,0.00,0.00
Fabian Kunze,deGER,MF,Hannover 96,25,1998,32,30,"2,514",27.9,1,0.07,0.11,0.04,0.11,0,8,0,1.6,0.08,0.14,0.14,Matches,150,50,0.04,0.06,0.06
Lukas Kunze,deGER,MF,Osnabrück,25,1998,23,16,"1,161",12.9,1,0.00,0.08,0.08,0.08,0,2,0,1.1,0.08,0.16,0.16,Matches,45,44,0.08,0.09,0.09
Hasan Kuruçay,,DF,Braunschweig,25,1997,27,24,"2,130",23.7,4,0.08,0.25,0.04,0.13,3,6,2,3.2,0.06,0.10,0.19,Matches,92,6,0.17,0.14,0.04
Robert Kwasigroch,deGER,GK,Hertha BSC,19,2004,1,1,90,1.0,0,0.00,0.00,0.00,0.00,0,0,0,0.0,0.00,0.00,0.00,Matches,0,0,0.00,0.00,0.00
Jannis Lang,deGER,"DF,MF",Hansa Rostock,21,2002,8,2,300,3.3,0,0.00,0.00,0.00,0.00,0,1,0,0.0,0.00,0.00,0.00,Matches,9,3,0.00,0.00,0.00
Michael Langer,atAUT,GK,Schalke 04,38,1985,3,2,226,2.5,0,0.00,0.00,0.00,0.00,0,0,0,0.0,0.00,0.00,0.00,Matches,0,0,0.00,0.00,0.00
Bryan Lasme,frFRA,"FW,MF",Schalke 04,24,1998,27,13,"1,212",13.5,4,0.07,0.37,0.30,0.37,0,2,0,5.2,0.15,0.53,0.53,Matches,12,78,0.30,0.38,0.38
Danny Latza,deGER,MF,Schalke 04,33,1989,11,2,277,3.1,1,0.00,0.32,0.32,0.32,0,1,0,0.4,0.06,0.18,0.18,Matches,17,17,0.32,0.12,0.12
James Lawrence,wlsWAL,DF,Nürnberg,30,1992,3,2,87,1.0,0,0.00,0.00,0.00,0.00,0,0,0,0.0,0.00,0.00,0.00,Matches,3,0,0.00,0.00,0.00
Jamie Lawrence,deGER,DF,Magdeburg,20,2002,11,4,474,5.3,0,0.00,0.00,0.00,0.00,0,2,0,0.0,0.01,0.02,0.02,Matches,32,2,0.00,0.01,0.01
Florian Le Joncour,frFRA,DF,Elversberg,28,1995,14,13,"1,245",13.8,1,0.00,0.07,0.07,0.07,0,1,0,0.4,0.01,0.03,0.03,Matches,42,2,0.07,0.03,0.03
Robert Leipertz,deGER,"DF,FW",Paderborn 07,30,1993,27,6,631,7.0,1,0.57,0.71,0.14,0.71,0,0,0,1.1,0.28,0.44,0.44,Matches,17,44,0.14,0.16,0.16
Toni Leistner,deGER,DF,Hertha BSC,32,1990,24,23,"2,014",22.4,0,0.00,0.00,0.00,0.00,0,7,1,0.4,0.04,0.06,0.06,Matches,65,2,0.00,0.02,0.02
Tim Lemperle,deGER,"FW,DF",Greuther Fürth,21,2002,32,30,"2,358",26.2,6,0.19,0.42,0.23,0.42,1,2,0,8.2,0.14,0.43,0.46,Matches,76,219,0.23,0.31,0.28
Enzo Leopold,deGER,MF,Hannover 96,23,2000,32,30,"2,547",28.3,3,0.14,0.25,0.11,0.25,0,3,0,1.3,0.21,0.26,0.26,Matches,152,82,0.11,0.04,0.04
Andreas Linde,seSWE,GK,Greuther Fürth,30,1993,1,1,90,1.0,0,0.00,0.00,0.00,0.00,0,0,0,0.0,0.00,0.00,0.00,Matches,0,0,0.00,0.00,0.00
Lex Lobinger,deGER,FW,Osnabrück,24,1999,14,1,268,3.0,0,0.00,0.00,0.00,0.00,0,0,0,0.7,0.00,0.24,0.24,Matches,4,13,0.00,0.24,0.24
Lex Lobinger,deGER,"FW,MF",Kaiserslautern,24,1999,6,1,105,1.2,0,0.00,0.00,0.00,0.00,0,0,0,0.2,0.00,0.10,0.15,Matches,2,5,0.00,0.15,0.10
Felix Lohkemper,deGER,FW,Nürnberg,28,1995,15,4,542,6.0,2,0.17,0.50,0.33,0.50,0,0,0,2.2,0.21,0.57,0.57,Matches,11,36,0.33,0.36,0.36
Ali Loune,maMAR,"MF,FW",Nürnberg,21,2002,6,4,360,4.0,0,0.00,0.00,0.00,0.00,0,1,0,0.0,0.00,0.02,0.02,Matches,11,4,0.00,0.01,0.01
Jan Luca Schuler,deGER,FW,Magdeburg,24,1999,28,24,"1,774",19.7,6,0.10,0.41,0.30,0.41,0,4,1,8.2,0.05,0.46,0.46,Matches,13,91,0.30,0.42,0.42
Anderson Lucoqui,aoANG,DF,Hertha BSC,26,1997,1,0,45,0.5,0,0.00,0.00,0.00,0.00,0,0,0,0.0,0.00,0.00,0.00,Matches,5,2,0.00,0.00,0.00
Anderson Lucoqui,aoANG,"DF,FW",Braunschweig,26,1997,10,3,382,4.2,0,0.00,0.00,0.00,0.00,0,2,0,0.5,0.13,0.24,0.24,Matches,13,20,0.00,0.12,0.12
Yannik Lührs,deGER,DF,Hannover 96,19,2003,6,2,186,2.1,0,0.00,0.00,0.00,0.00,0,1,0,0.4,0.00,0.20,0.20,Matches,4,1,0.00,0.20,0.20
Andreas Luthe,deGER,GK,Kaiserslautern,36,1987,2,2,128,1.4,0,0.00,0.00,0.00,0.00,0,0,1,0.0,0.00,0.00,0.00,Matches,0,0,0.00,0.00,0.00
Shuto Machino,jpJPN,FW,Holstein Kiel,23,1999,31,25,"2,063",22.9,5,0.17,0.39,0.17,0.35,1,3,0,5.9,0.16,0.38,0.41,Matches,74,131,0.22,0.26,0.22
Haralambos Makridis,grGRE,"FW,MF",Osnabrück,27,1996,24,9,"1,116",12.4,2,0.00,0.16,0.16,0.16,0,0,0,1.5,0.03,0.15,0.15,Matches,23,53,0.16,0.12,0.12
King Manu,deGER,"DF,MF",Düsseldorf,19,2003,5,0,22,0.2,0,0.00,0.00,0.00,0.00,0,0,0,0.0,0.00,0.00,0.00,Matches,1,0,0.00,0.00,0.00
Stefano Marino,deGER,"FW,DF",Karlsruher,19,2004,2,0,10,0.1,0,0.00,0.00,0.00,0.00,0,0,0,0.0,0.73,0.73,0.73,Matches,1,1,0.00,0.00,0.00
Iván Márquez,esESP,DF,Nürnberg,29,1994,21,15,"1,295",14.4,2,0.00,0.14,0.14,0.14,0,7,1,0.7,0.02,0.07,0.07,Matches,29,0,0.14,0.05,0.05
Dominik Martinović,deGER,"FW,MF",Elversberg,26,1997,20,2,472,5.2,1,0.38,0.57,0.19,0.57,0,2,0,2.6,0.35,0.83,0.83,Matches,15,47,0.19,0.49,0.49
Jan-Hendrik Marx,deGER,"DF,FW",Braunschweig,28,1995,7,6,349,3.9,0,0.00,0.00,0.00,0.00,0,2,0,0.0,0.20,0.21,0.21,Matches,15,22,0.00,0.01,0.01
Igor Matanovic,hrCRO,FW,Karlsruher,20,2003,32,27,"2,319",25.8,14,0.23,0.78,0.54,0.78,0,1,0,11.1,0.15,0.58,0.58,Matches,37,152,0.54,0.43,0.43
Christian Mathenia,deGER,GK,Nürnberg,31,1992,15,15,"1,327",14.7,0,0.00,0.00,0.00,0.00,0,3,1,0.0,0.00,0.00,0.00,Matches,0,0,0.00,0.00,0.00
Marcus Mathisen,dkDEN,DF,Wehen,27,1996,31,31,"2,736",30.4,0,0.00,0.00,0.00,0.00,0,8,0,0.8,0.02,0.05,0.05,Matches,117,10,0.00,0.03,0.03
Henning Matriciani,deGER,DF,Schalke 04,23,2000,25,12,"1,253",13.9,0,0.00,0.00,0.00,0.00,0,2,0,0.5,0.01,0.05,0.05,Matches,52,43,0.00,0.04,0.04
Maurides,brBRA,FW,St. Pauli,29,1994,7,0,59,0.7,0,0.00,0.00,0.00,0.00,0,0,0,0.1,0.27,0.36,0.36,Matches,2,5,0.00,0.09,0.09
Keke Maximilian Topp,deGER,FW,Schalke 04,19,2004,25,11,"1,085",12.1,5,0.17,0.58,0.41,0.58,0,4,0,2.7,0.12,0.35,0.35,Matches,27,81,0.41,0.23,0.23
Ibrahim Maza,deGER,MF,Hertha BSC,17,2005,13,6,593,6.6,1,0.30,0.46,0.15,0.46,0,1,0,1.0,0.36,0.51,0.51,Matches,29,35,0.15,0.15,0.15
Jakov Medić,hrCRO,DF,St. Pauli,24,1998,1,1,90,1.0,0,0.00,0.00,0.00,0.00,0,0,0,0.0,0.00,0.03,0.03,Matches,6,0,0.00,0.03,0.03
Joshua Mees,deGER,"FW,MF",Holstein Kiel,27,1996,13,3,442,4.9,1,0.20,0.41,0.20,0.41,0,2,0,1.7,0.10,0.45,0.45,Matches,14,46,0.20,0.34,0.34
Jonas Meffert,deGER,MF,Hamburger SV,28,1994,32,32,"2,816",31.3,2,0.06,0.13,0.06,0.13,0,10,0,1.3,0.06,0.10,0.10,Matches,178,37,0.06,0.04,0.04
Omar Megeed,deGER,FW,Hamburger SV,17,2005,1,0,1,0.0,0,0.00,0.00,0.00,0.00,0,0,0,0.0,0.00,0.00,0.00,Matches,0,0,0.00,0.00,0.00
Connor Metcalfe,auAUS,"FW,MF",St. Pauli,23,1999,30,21,"1,848",20.5,3,0.24,0.39,0.15,0.39,0,6,0,3.3,0.13,0.29,0.29,Matches,94,178,0.15,0.16,0.16
Karol Mets,eeEST,DF,St. Pauli,30,1993,32,32,"2,862",31.8,0,0.00,0.00,0.00,0.00,0,1,1,0.5,0.03,0.05,0.05,Matches,186,6,0.00,0.02,0.02
Marco Meyerhöfer,deGER,DF,Greuther Fürth,27,1995,21,11,"1,141",12.7,0,0.00,0.00,0.00,0.00,0,2,0,0.6,0.05,0.10,0.10,Matches,59,49,0.00,0.05,0.05
Oualid Mhamdi,maMAR,DF,Greuther Fürth,20,2003,10,1,245,2.7,0,0.00,0.00,0.00,0.00,0,1,0,0.1,0.02,0.04,0.04,Matches,19,12,0.00,0.03,0.03
Damian Michalski,plPOL,DF,Greuther Fürth,25,1998,29,22,"2,057",22.9,3,0.04,0.18,0.13,0.18,0,4,0,1.4,0.03,0.09,0.09,Matches,63,5,0.13,0.06,0.06
William Mikelbrencis,frFRA,DF,Hamburger SV,19,2004,6,4,391,4.3,0,0.00,0.00,0.00,0.00,0,3,0,0.1,0.14,0.16,0.16,Matches,34,25,0.00,0.02,0.02
Sascha Mockenhaupt,deGER,DF,Wehen,31,1991,32,21,"1,928",21.4,0,0.00,0.00,0.00,0.00,0,3,0,0.4,0.04,0.06,0.06,Matches,80,80,0.00,0.02,0.02
Tobias Mohr,deGER,"MF,DF",Schalke 04,27,1995,19,10,"1,044",11.6,1,0.09,0.17,0.09,0.17,0,2,0,1.4,0.17,0.29,0.29,Matches,55,56,0.09,0.12,0.12
Monju Momuluh,deGER,DF,Hannover 96,21,2002,1,0,20,0.2,0,0.00,0.00,0.00,0.00,0,0,0,0.0,0.00,0.00,0.00,Matches,0,1,0.00,0.00,0.00
Miro Muheim,chSUI,DF,Hamburger SV,25,1998,28,26,"2,207",24.5,5,0.20,0.41,0.20,0.41,0,7,1,1.2,0.18,0.23,0.23,Matches,222,100,0.20,0.05,0.05
Joey Müller,deGER,DF,Schalke 04,22,2000,1,0,46,0.5,0,0.00,0.00,0.00,0.00,0,0,0,0.0,0.02,0.04,0.04,Matches,2,1,0.00,0.02,0.02
Marius Müller,deGER,GK,Schalke 04,30,1993,21,21,"1,844",20.5,0,0.00,0.00,0.00,0.00,0,1,0,0.0,0.00,0.00,0.00,Matches,3,0,0.00,0.00,0.00
Philipp Müller,deGER,MF,Greuther Fürth,19,2004,6,2,191,2.1,0,0.00,0.00,0.00,0.00,0,1,0,0.0,0.01,0.02,0.02,Matches,11,3,0.00,0.02,0.02
Tobias Müller,deGER,DF,Paderborn 07,29,1994,10,7,667,7.4,0,0.00,0.00,0.00,0.00,0,1,0,0.3,0.08,0.12,0.12,Matches,10,1,0.00,0.04,0.04
Tobias Müller,deGER,DF,Magdeburg,29,1994,15,15,"1,268",14.1,1,0.00,0.07,0.07,0.07,0,5,0,0.7,0.01,0.06,0.06,Matches,61,4,0.07,0.05,0.05
Maurice Multhaup,deGER,"FW,DF",Braunschweig,26,1996,8,3,320,3.6,0,0.28,0.28,0.00,0.28,0,0,0,1.0,0.17,0.46,0.46,Matches,4,30,0.00,0.29,0.29
Derry Murkin,engENG,"DF,FW",Schalke 04,24,1999,23,21,"1,838",20.4,1,0.29,0.34,0.05,0.34,0,8,1,0.5,0.14,0.16,0.16,Matches,83,83,0.05,0.03,0.03
Sei Muroya,jpJPN,DF,Hannover 96,29,1994,25,15,"1,529",17.0,2,0.18,0.29,0.12,0.29,0,3,0,1.5,0.20,0.29,0.29,Matches,69,102,0.12,0.09,0.09
Florent Muslija,xkKVX,"MF,DF",Paderborn 07,25,1998,16,15,"1,253",13.9,7,0.29,0.79,0.43,0.72,1,3,0,3.4,0.34,0.53,0.58,Matches,74,84,0.50,0.25,0.19
Visar Musliu,mkMKD,DF,Paderborn 07,28,1994,26,23,"1,989",22.1,3,0.00,0.14,0.14,0.14,0,3,1,2.4,0.01,0.12,0.12,Matches,68,0,0.14,0.11,0.11
Marlon Mustapha,atAUT,FW,Düsseldorf,22,2001,10,2,295,3.3,2,0.31,0.92,0.61,0.92,0,1,0,2.0,0.21,0.83,0.83,Matches,5,21,0.61,0.62,0.62
Mats Møller Dæhli,noNOR,MF,Nürnberg,28,1995,8,4,393,4.4,0,0.23,0.23,0.00,0.23,0,2,0,0.1,0.18,0.20,0.20,Matches,19,23,0.00,0.02,0.02
Niclas Nadj,deGER,"MF,FW",Paderborn 07,22,2000,7,2,226,2.5,1,0.40,0.80,0.40,0.80,0,0,0,0.8,0.08,0.39,0.39,Matches,12,20,0.40,0.31,0.31
Montell Ndikom,deGER,FW,Hannover 96,18,2005,1,0,18,0.2,0,0.00,0.00,0.00,0.00,0,0,0,0.0,0.00,0.00,0.00,Matches,0,2,0.00,0.00,0.00
Paul Nebel,deGER,MF,Karlsruher,20,2002,33,33,"2,770",30.8,5,0.29,0.45,0.16,0.45,0,6,0,5.1,0.28,0.44,0.44,Matches,132,193,0.16,0.17,0.17
Nico Neidhart,deGER,"DF,MF",Hansa Rostock,28,1994,21,20,"1,658",18.4,2,0.00,0.11,0.11,0.11,0,4,0,1.9,0.07,0.17,0.17,Matches,97,53,0.11,0.10,0.10
András Németh,huHUN,"FW,MF",Hamburger SV,20,2002,28,4,566,6.3,0,0.00,0.00,0.00,0.00,0,0,0,3.7,0.16,0.75,0.75,Matches,13,27,0.00,0.59,0.59
David Nemeth,atAUT,DF,St. Pauli,22,2001,7,4,427,4.7,0,0.00,0.00,0.00,0.00,0,2,0,0.0,0.01,0.02,0.02,Matches,10,0,0.00,0.01,0.01
Maurice Neubauer,deGER,DF,Elversberg,27,1996,30,30,"2,699",30.0,3,0.03,0.13,0.10,0.13,0,4,0,0.9,0.09,0.12,0.12,Matches,113,102,0.10,0.03,0.03
Phil Neumann,deGER,DF,Hannover 96,26,1997,32,32,"2,879",32.0,2,0.06,0.13,0.06,0.13,0,6,0,1.2,0.04,0.08,0.08,Matches,139,28,0.06,0.04,0.04
Florian Niederlechner,deGER,"MF,FW",Hertha BSC,32,1990,26,12,"1,028",11.4,7,0.00,0.61,0.61,0.61,0,6,2,3.9,0.13,0.47,0.47,Matches,34,43,0.61,0.34,0.34
Niklas Niehoff,deGER,FW,Holstein Kiel,18,2004,4,0,55,0.6,1,0.00,1.64,1.64,1.64,0,0,0,0.2,0.00,0.39,0.39,Matches,1,7,1.64,0.39,0.39
Julian Niehues,deGER,MF,Kaiserslautern,22,2001,26,21,"1,816",20.2,1,0.00,0.05,0.05,0.05,0,6,0,1.5,0.07,0.14,0.14,Matches,78,41,0.05,0.07,0.07
Håvard Nielsen,noNOR,"FW,MF",Hannover 96,30,1993,27,21,"1,887",21.0,7,0.14,0.48,0.33,0.48,0,3,1,5.8,0.09,0.37,0.37,Matches,58,127,0.33,0.28,0.28
Noel Niemann,deGER,"FW,MF",Osnabrück,23,1999,29,15,"1,312",14.6,0,0.00,0.00,0.00,0.00,0,2,0,2.2,0.03,0.18,0.18,Matches,38,105,0.00,0.15,0.15
Karol Niemczycki,plPOL,GK,Düsseldorf,24,1999,1,1,90,1.0,0,0.00,0.00,0.00,0.00,0,0,0,0.0,0.00,0.00,0.00,Matches,0,0,0.00,0.00,0.00
Jona Niemiec,deGER,FW,Düsseldorf,21,2001,28,5,835,9.3,3,0.32,0.65,0.32,0.65,0,2,0,3.1,0.29,0.62,0.62,Matches,9,79,0.32,0.33,0.33
Jannis Nikolaou,deGER,"MF,DF",Braunschweig,30,1993,23,15,"1,297",14.4,0,0.00,0.00,0.00,0.00,0,9,2,0.9,0.08,0.14,0.14,Matches,84,13,0.00,0.06,0.06
Alexander Nollenberger,deGER,"MF,FW",Magdeburg,26,1997,21,5,627,7.0,0,0.14,0.14,0.00,0.14,0,0,0,1.1,0.04,0.20,0.20,Matches,17,46,0.00,0.16,0.16
Tim Oberdorf,deGER,DF,Düsseldorf,26,1996,22,14,"1,345",14.9,0,0.07,0.07,0.00,0.07,0,2,0,1.0,0.03,0.10,0.10,Matches,78,31,0.00,0.07,0.07
Raphael Obermair,phPHI,"DF,MF",Paderborn 07,27,1996,32,30,"2,659",29.5,5,0.20,0.37,0.14,0.34,1,5,0,3.0,0.21,0.28,0.31,Matches,123,169,0.17,0.10,0.07
Masaya Okugawa,jpJPN,"FW,DF",Hamburger SV,27,1996,8,0,110,1.2,0,0.00,0.00,0.00,0.00,0,0,0,0.3,0.15,0.39,0.39,Matches,9,10,0.00,0.24,0.24
Kanji Okunuki,jpJPN,"FW,MF",Nürnberg,23,1999,30,24,"1,902",21.1,3,0.09,0.24,0.14,0.24,0,3,0,3.6,0.08,0.26,0.26,Matches,45,120,0.14,0.17,0.17
Kwasi Okyere Wriedt,ghGHA,FW,Osnabrück,29,1994,23,7,708,7.9,1,0.13,0.25,0.13,0.25,1,3,0,3.2,0.11,0.42,0.52,Matches,7,50,0.13,0.41,0.31
Nicolas Oliveira,deGER,DF,Hamburger SV,19,2004,4,1,167,1.9,0,0.00,0.00,0.00,0.00,0,0,0,0.0,0.09,0.10,0.10,Matches,10,9,0.00,0.02,0.02
Aaron Opoku,deGER,"FW,MF",Kaiserslautern,24,1999,23,5,890,9.9,3,0.10,0.40,0.30,0.40,0,1,0,1.7,0.43,0.60,0.60,Matches,43,109,0.30,0.17,0.17
Kolja Oudenne,seSWE,MF,Hannover 96,21,2001,13,7,561,6.2,0,0.32,0.32,0.00,0.32,0,0,0,0.7,0.21,0.32,0.32,Matches,24,38,0.00,0.11,0.11
Assan Ouedraogo,deGER,"MF,FW",Schalke 04,17,2006,17,9,826,9.2,3,0.11,0.44,0.33,0.44,0,2,0,1.8,0.01,0.21,0.21,Matches,30,35,0.33,0.20,0.20
Thomas Ouwejan,nlNED,"DF,MF",Schalke 04,26,1996,28,26,"2,048",22.8,2,0.26,0.35,0.09,0.35,0,3,0,2.5,0.28,0.39,0.39,Matches,83,77,0.09,0.11,0.11
Levin Öztunalı,deGER,"FW,MF",Hamburger SV,27,1996,19,8,654,7.3,0,0.00,0.00,0.00,0.00,0,1,0,0.9,0.12,0.24,0.24,Matches,30,72,0.00,0.12,0.12
Eren Öztürk,,MF,Karlsruher,19,2004,2,0,4,0.0,0,0.00,0.00,0.00,0.00,0,0,0,0.0,0.00,0.00,0.00,Matches,0,0,0.00,0.00,0.00
Peter Pekarík,skSVK,DF,Hertha BSC,36,1986,5,0,125,1.4,0,0.00,0.00,0.00,0.00,0,0,0,0.5,0.00,0.37,0.37,Matches,6,3,0.00,0.37,0.37
Juan Perea,coCOL,FW,Hansa Rostock,23,2000,33,14,"1,472",16.4,4,0.06,0.31,0.24,0.31,0,4,0,6.8,0.12,0.53,0.53,Matches,21,97,0.24,0.41,0.41
Lukas Petkov,bgBUL,"FW,MF",Greuther Fürth,22,2000,29,6,999,11.1,1,0.09,0.18,0.09,0.18,0,3,0,2.1,0.18,0.38,0.38,Matches,34,70,0.09,0.19,0.19
Denis Pfaffenrot,deGER,MF,Greuther Fürth,18,2005,5,0,41,0.5,0,0.00,0.00,0.00,0.00,0,1,0,0.0,0.11,0.18,0.18,Matches,0,3,0.00,0.07,0.07
Immanuel Pherai,srSUR,"MF,FW",Hamburger SV,22,2001,29,22,"1,930",21.4,3,0.19,0.33,0.14,0.33,0,4,0,3.6,0.25,0.41,0.41,Matches,93,123,0.14,0.17,0.17
Rayan Philippe,frFRA,"FW,MF",Braunschweig,22,2000,25,18,"1,687",18.7,8,0.21,0.64,0.43,0.64,0,0,0,7.7,0.26,0.67,0.67,Matches,48,95,0.43,0.41,0.41
Cristiano Piccini,itITA,DF,Magdeburg,30,1992,13,12,978,10.9,1,0.00,0.09,0.00,0.00,1,2,0,1.0,0.03,0.05,0.12,Matches,53,14,0.09,0.10,0.02
Benedikt Pichler,atAUT,FW,Holstein Kiel,26,1997,22,15,"1,183",13.1,8,0.08,0.68,0.61,0.68,0,2,0,4.6,0.06,0.41,0.41,Matches,18,78,0.61,0.35,0.35
Lukas Pinckert,deGER,DF,Elversberg,23,2000,20,8,855,9.5,0,0.00,0.00,0.00,0.00,0,3,0,0.2,0.08,0.10,0.10,Matches,38,18,0.00,0.02,0.02
Felix Platte,deGER,"FW,MF",Paderborn 07,27,1996,17,8,701,7.8,4,0.26,0.77,0.51,0.77,0,1,0,3.4,0.16,0.59,0.59,Matches,7,50,0.51,0.44,0.44
Marco Pledl,deGER,MF,Paderborn 07,22,2000,1,1,61,0.7,0,0.00,0.00,0.00,0.00,0,1,0,0.0,0.00,0.00,0.00,Matches,0,5,0.00,0.00,0.00
Sebastian Polter,deGER,FW,Schalke 04,32,1991,11,4,424,4.7,3,0.42,1.06,0.42,0.85,1,3,0,2.5,0.22,0.61,0.75,Matches,9,28,0.64,0.53,0.39
Leander Popp,deGER,"FW,MF",Greuther Fürth,18,2005,6,0,37,0.4,0,0.00,0.00,0.00,0.00,0,0,0,0.4,0.00,1.00,1.00,Matches,3,4,0.00,1.00,1.00
Finn Porath,deGER,"MF,DF",Holstein Kiel,26,1997,27,21,"1,644",18.3,4,0.16,0.38,0.22,0.38,0,6,0,2.5,0.12,0.25,0.25,Matches,97,98,0.22,0.14,0.14
Łukasz Poręba,plPOL,MF,Hamburger SV,23,2000,17,7,660,7.3,2,0.14,0.41,0.27,0.41,0,2,0,1.4,0.15,0.34,0.34,Matches,43,20,0.27,0.19,0.19
Smail Prevljak,baBIH,"MF,FW",Hertha BSC,28,1995,21,7,765,8.5,4,0.24,0.71,0.47,0.71,0,1,0,3.5,0.20,0.61,0.61,Matches,16,40,0.47,0.41,0.41
Kai Pröger,deGER,"FW,MF",Hansa Rostock,31,1992,30,22,"1,970",21.9,4,0.09,0.27,0.14,0.23,2,5,0,5.8,0.04,0.22,0.30,Matches,15,112,0.18,0.26,0.18
Ivan Prtajin,hrCRO,FW,Wehen,27,1996,31,27,"2,424",26.9,13,0.07,0.56,0.41,0.48,2,6,0,14.6,0.09,0.59,0.63,Matches,55,141,0.48,0.54,0.50
Tymoteusz Puchacz,plPOL,DF,Kaiserslautern,24,1999,31,30,"2,597",28.9,1,0.24,0.28,0.03,0.28,0,6,0,1.3,0.23,0.28,0.28,Matches,73,144,0.03,0.05,0.05
Joshua Quarshie,deGER,DF,Düsseldorf,19,2004,8,5,472,5.2,0,0.00,0.00,0.00,0.00,0,3,0,0.2,0.00,0.04,0.04,Matches,13,1,0.00,0.04,0.04
Matheo Raab,deGER,GK,Hamburger SV,24,1998,14,14,"1,260",14.0,0,0.00,0.00,0.00,0.00,0,0,0,0.0,0.00,0.00,0.00,Matches,1,0,0.00,0.00,0.00
Guilherme Ramos,ptPOR,DF,Hamburger SV,25,1997,22,19,"1,556",17.3,1,0.00,0.06,0.06,0.06,0,5,2,1.0,0.00,0.06,0.06,Matches,82,0,0.06,0.06,0.06
Nicolai Rapp,deGER,MF,Karlsruher,26,1996,13,8,670,7.4,0,0.00,0.00,0.00,0.00,0,2,0,0.3,0.00,0.04,0.04,Matches,33,5,0.00,0.04,0.04
Tobias Raschl,deGER,MF,Kaiserslautern,23,2000,28,24,"2,029",22.5,1,0.13,0.18,0.04,0.18,0,4,0,1.1,0.15,0.20,0.20,Matches,93,46,0.04,0.05,0.05
Kenny Redondo,deGER,"FW,MF",Kaiserslautern,28,1994,29,18,"1,473",16.4,2,0.31,0.43,0.12,0.43,0,4,0,2.1,0.18,0.30,0.30,Matches,35,85,0.12,0.13,0.13
Fabian Reese,deGER,FW,Hertha BSC,25,1997,31,29,"2,632",29.2,9,0.38,0.68,0.21,0.58,3,2,0,6.4,0.36,0.49,0.57,Matches,82,290,0.31,0.22,0.14
Jan Reichert,deGER,GK,Nürnberg,22,2001,1,1,90,1.0,0,0.00,0.00,0.00,0.00,0,0,0,0.0,0.00,0.00,0.00,Matches,0,0,0.00,0.00,0.00
Dominik Reimann,deGER,GK,Magdeburg,26,1997,34,34,"3,060",34.0,0,0.00,0.00,0.00,0.00,0,0,0,0.0,0.00,0.00,0.00,Matches,18,0,0.00,0.00,0.00
Max Reinthaler,itITA,DF,Wehen,28,1995,1,0,45,0.5,1,0.00,2.00,2.00,2.00,0,1,0,1.1,0.00,2.13,2.13,Matches,1,0,2.00,2.13,2.13
Ludovit Reis,nlNED,"MF,DF",Hamburger SV,23,2000,25,22,"1,788",19.9,3,0.10,0.25,0.15,0.25,1,4,0,2.6,0.09,0.18,0.22,Matches,123,81,0.15,0.13,0.09
Nicolai Remberg,deGER,"MF,FW",Holstein Kiel,23,2000,32,16,"1,594",17.7,2,0.06,0.17,0.11,0.17,0,4,0,2.6,0.16,0.31,0.31,Matches,54,43,0.11,0.14,0.14
Bashkim Renneke,xkKVX,DF,Osnabrück,30,1992,22,21,"1,769",19.7,0,0.05,0.05,0.00,0.05,0,7,1,1.3,0.10,0.17,0.17,Matches,63,40,0.00,0.07,0.07
Simon Rhein,deGER,MF,Hansa Rostock,25,1998,14,12,900,10.0,0,0.10,0.10,0.00,0.10,0,0,0,0.3,0.21,0.24,0.24,Matches,62,16,0.00,0.03,0.03
Marco Richter,deGER,"MF,FW",Hertha BSC,25,1997,3,3,248,2.8,0,0.00,0.00,0.00,0.00,0,1,0,0.3,0.09,0.20,0.20,Matches,18,25,0.00,0.11,0.11
Nico Rieble,deGER,DF,Wehen,27,1995,14,6,671,7.5,0,0.00,0.00,0.00,0.00,0,1,0,0.1,0.03,0.04,0.04,Matches,28,23,0.00,0.01,0.01
Marlon Ritter,deGER,"MF,FW",Kaiserslautern,28,1994,32,29,"2,348",26.1,10,0.19,0.57,0.38,0.57,0,7,0,7.2,0.13,0.41,0.41,Matches,110,112,0.38,0.28,0.28
Marvin-Lee Rittmüller,deGER,"DF,FW",Braunschweig,24,1999,27,21,"2,013",22.4,0,0.09,0.09,0.00,0.09,0,2,0,0.7,0.11,0.14,0.14,Matches,88,111,0.00,0.03,0.03
Lars Ritzka,deGER,"MF,DF",St. Pauli,25,1998,29,16,"1,501",16.7,2,0.06,0.18,0.12,0.18,0,2,0,1.2,0.13,0.20,0.20,Matches,77,85,0.12,0.07,0.07
Jannik Rochelt,deGER,"FW,MF",Elversberg,24,1998,33,32,"2,678",29.8,4,0.24,0.37,0.13,0.37,1,4,0,7.0,0.23,0.44,0.46,Matches,86,215,0.13,0.24,0.21
Maximilian Rohr,deGER,"DF,MF",Paderborn 07,28,1995,4,2,231,2.6,0,0.00,0.00,0.00,0.00,0,0,0,0.0,0.02,0.02,0.02,Matches,9,1,0.00,0.01,0.01
Tony Rölke,deGER,MF,Hertha BSC,20,2003,1,0,28,0.3,0,0.00,0.00,0.00,0.00,0,1,0,0.0,0.18,0.30,0.30,Matches,1,0,0.00,0.12,0.12
Frank Ronstadt,deGER,DF,Kaiserslautern,26,1997,5,4,290,3.2,0,0.00,0.00,0.00,0.00,0,0,0,0.1,0.03,0.06,0.06,Matches,7,8,0.00,0.03,0.03
Henry Rorig,deGER,"DF,FW",Osnabrück,23,2000,10,5,439,4.9,0,0.00,0.00,0.00,0.00,0,1,0,0.4,0.09,0.18,0.18,Matches,14,17,0.00,0.09,0.09
Damian Roßbach,deGER,DF,Hansa Rostock,30,1993,32,32,"2,750",30.6,2,0.03,0.10,0.07,0.10,0,11,0,1.9,0.00,0.07,0.07,Matches,70,7,0.07,0.06,0.06
Lasse Rosenboom,deGER,"MF,DF",Holstein Kiel,21,2002,11,2,325,3.6,0,0.00,0.00,0.00,0.00,0,0,0,0.0,0.09,0.09,0.09,Matches,7,16,0.00,0.00,0.00
Alexander Rossipal,deGER,DF,Hansa Rostock,27,1996,25,23,"2,124",23.6,0,0.08,0.08,0.00,0.08,0,5,0,0.5,0.09,0.12,0.12,Matches,96,42,0.00,0.02,0.02
Tim Rossmann,deGER,FW,Karlsruher,19,2003,4,1,117,1.3,0,0.00,0.00,0.00,0.00,0,0,0,0.5,0.19,0.59,0.59,Matches,6,11,0.00,0.40,0.40
Tom Rothe,deGER,"DF,MF",Holstein Kiel,18,2004,33,30,"2,673",29.7,4,0.27,0.40,0.13,0.40,0,8,0,3.6,0.21,0.33,0.33,Matches,87,181,0.13,0.12,0.12
Felix Ruschke,deGER,DF,Hansa Rostock,20,2003,6,2,205,2.3,0,0.00,0.00,0.00,0.00,0,0,0,0.1,0.12,0.18,0.18,Matches,8,7,0.00,0.06,0.06
Elias Saad,tnTUN,"FW,MF",St. Pauli,23,1999,30,25,"2,062",22.9,7,0.04,0.35,0.31,0.35,0,7,1,7.0,0.17,0.47,0.47,Matches,67,232,0.31,0.30,0.30
Semih Sahin,deGER,MF,Elversberg,23,1999,27,24,"2,119",23.5,1,0.13,0.17,0.04,0.17,0,4,0,2.2,0.06,0.15,0.15,Matches,132,29,0.04,0.09,0.09
Manolis Saliakas,grGRE,"MF,DF",St. Pauli,26,1996,31,31,"2,656",29.5,2,0.07,0.14,0.07,0.14,0,7,1,1.5,0.14,0.19,0.19,Matches,191,109,0.07,0.05,0.05
Philipp Sander,deGER,MF,Holstein Kiel,25,1998,25,24,"2,072",23.0,3,0.17,0.30,0.13,0.30,0,8,0,1.4,0.20,0.26,0.26,Matches,147,68,0.13,0.06,0.06
Sidi Sané,deGER,"FW,MF",Braunschweig,20,2003,10,3,327,3.6,0,0.00,0.00,0.00,0.00,0,0,0,1.7,0.04,0.50,0.50,Matches,6,23,0.00,0.47,0.47
Leon Schaffran,deGER,GK,Greuther Fürth,25,1998,1,0,1,0.0,0,0.00,0.00,0.00,0.00,0,0,0,0.0,0.00,0.00,0.00,Matches,0,0,0.00,0.00,0.00
Ron Schallenberg,deGER,"MF,DF",Schalke 04,24,1998,26,24,"2,113",23.5,0,0.09,0.09,0.00,0.09,0,6,1,1.1,0.08,0.13,0.13,Matches,97,12,0.00,0.05,0.05
Louis Schaub,atAUT,"MF,FW",Hannover 96,28,1994,29,21,"1,712",19.0,3,0.11,0.26,0.16,0.26,0,0,1,4.3,0.09,0.32,0.32,Matches,97,139,0.16,0.23,0.23
Tjark Scheller,deGER,"FW,MF",St. Pauli,21,2002,2,0,3,0.0,0,0.00,0.00,0.00,0.00,0,0,0,0.0,0.00,0.00,0.00,Matches,0,0,0.00,0.00,0.00
Derry Scherhant,deGER,FW,Hertha BSC,20,2002,28,5,792,8.8,2,0.00,0.23,0.23,0.23,0,0,0,2.9,0.08,0.41,0.41,Matches,13,65,0.23,0.33,0.33
Lukas Schleimer,deGER,"MF,FW",Nürnberg,23,1999,33,21,"1,937",21.5,5,0.14,0.37,0.23,0.37,0,1,0,4.5,0.09,0.30,0.30,Matches,61,106,0.23,0.21,0.21
Fabian Schleusener,deGER,FW,Karlsruher,31,1991,34,14,"1,418",15.8,7,0.06,0.51,0.44,0.51,0,2,0,6.6,0.13,0.55,0.55,Matches,21,113,0.44,0.42,0.42
Luca Schnellbacher,deGER,FW,Elversberg,29,1994,30,27,"2,183",24.3,8,0.16,0.49,0.33,0.49,0,1,0,7.3,0.13,0.43,0.43,Matches,45,144,0.33,0.30,0.30
Sebastian Schonlau,deGER,DF,Hamburger SV,28,1994,16,15,"1,290",14.3,1,0.00,0.07,0.07,0.07,0,0,0,0.9,0.02,0.08,0.08,Matches,87,5,0.07,0.06,0.06
Marvin Schulz,deGER,"DF,MF",Holstein Kiel,28,1995,27,13,"1,326",14.7,1,0.14,0.20,0.07,0.20,0,5,1,0.8,0.07,0.12,0.12,Matches,59,25,0.07,0.05,0.05
Kevin Schumacher,deGER,"DF,MF",Hansa Rostock,25,1997,29,20,"1,805",20.1,1,0.05,0.10,0.05,0.10,0,4,0,2.1,0.07,0.18,0.18,Matches,56,94,0.05,0.10,0.10
Marco Schuster,deGER,"DF,MF",Paderborn 07,27,1995,12,7,668,7.4,0,0.00,0.00,0.00,0.00,0,1,0,0.4,0.00,0.06,0.06,Matches,17,6,0.00,0.06,0.06
Christopher Scott,deGER,"MF,DF",Hannover 96,21,2002,5,0,54,0.6,0,0.00,0.00,0.00,0.00,0,1,0,0.2,0.09,0.50,0.50,Matches,5,6,0.00,0.41,0.41
Paul Seguin,deGER,MF,Schalke 04,28,1995,30,25,"2,283",25.4,3,0.16,0.28,0.12,0.28,0,8,0,1.3,0.13,0.18,0.18,Matches,161,64,0.12,0.05,0.05
Arne Sicker,deGER,"DF,FW",Elversberg,26,1997,10,2,158,1.8,0,0.00,0.00,0.00,0.00,0,0,0,0.4,0.18,0.39,0.39,Matches,8,12,0.00,0.20,0.20
Carlo Sickinger,deGER,DF,Elversberg,26,1997,25,25,"2,053",22.8,2,0.04,0.13,0.04,0.09,1,10,0,2.1,0.06,0.11,0.15,Matches,92,3,0.09,0.09,0.06
Armindo Sieb,deGER,"FW,MF",Greuther Fürth,20,2003,33,26,"2,204",24.5,12,0.04,0.53,0.49,0.53,0,3,0,7.3,0.12,0.42,0.42,Matches,54,182,0.49,0.30,0.30
Jamil Siebert,deGER,DF,Düsseldorf,21,2002,24,18,"1,778",19.8,1,0.05,0.10,0.05,0.10,0,5,0,0.6,0.01,0.04,0.04,Matches,76,8,0.05,0.03,0.03
Eric da Silva Moreira,deGER,MF,St. Pauli,17,2006,1,0,1,0.0,0,0.00,0.00,0.00,0.00,0,0,0,0.0,0.00,0.00,0.00,Matches,0,0,0.00,0.00,0.00
Ba-Muaka Simakala,cgCGO,"MF,FW",Holstein Kiel,26,1997,11,2,322,3.6,0,0.00,0.00,0.00,0.00,0,2,0,0.9,0.12,0.36,0.36,Matches,12,20,0.00,0.24,0.24
Ba-Muaka Simakala,cgCGO,"MF,FW",Kaiserslautern,26,1997,7,0,116,1.3,1,0.00,0.78,0.78,0.78,0,1,0,0.6,0.05,0.48,0.48,Matches,4,4,0.78,0.43,0.43
Danel Sinani,luLUX,"FW,MF",St. Pauli,26,1997,7,0,138,1.5,1,0.00,0.65,0.65,0.65,0,2,0,0.2,0.03,0.15,0.15,Matches,7,8,0.65,0.12,0.12
Sarpreet Singh,nzNZL,"MF,FW",Hansa Rostock,24,1999,15,4,425,4.7,1,0.00,0.21,0.21,0.21,0,1,1,0.5,0.19,0.29,0.29,Matches,14,23,0.21,0.10,0.10
Steven Skrzybski,deGER,"MF,FW",Holstein Kiel,30,1992,26,23,"1,717",19.1,10,0.21,0.73,0.37,0.58,4,2,0,9.1,0.14,0.46,0.62,Matches,61,108,0.52,0.48,0.31
Eric Smith,seSWE,"DF,MF",St. Pauli,26,1997,26,26,"2,238",24.9,1,0.12,0.16,0.04,0.16,0,7,0,1.3,0.05,0.10,0.10,Matches,145,11,0.04,0.05,0.05
Marcel Sobottka,deGER,MF,Düsseldorf,29,1994,13,7,643,7.1,0,0.28,0.28,0.00,0.28,0,3,0,0.5,0.12,0.19,0.19,Matches,34,15,0.00,0.07,0.07
Nikola Soldo,hrCRO,"DF,MF",Kaiserslautern,22,2001,15,9,853,9.5,0,0.00,0.00,0.00,0.00,0,4,0,0.5,0.01,0.07,0.07,Matches,33,4,0.00,0.05,0.05
Brandon Soppy,frFRA,DF,Schalke 04,21,2002,5,4,319,3.5,0,0.00,0.00,0.00,0.00,0,1,0,0.1,0.02,0.06,0.06,Matches,11,10,0.00,0.03,0.03
Dennis Srbeny,deGER,"FW,MF",Greuther Fürth,29,1994,32,9,998,11.1,1,0.36,0.45,0.09,0.45,0,2,0,2.5,0.14,0.37,0.37,Matches,40,76,0.09,0.23,0.23
Kostas Stafylidis,grGRE,"DF,MF",Hansa Rostock,29,1993,11,7,585,6.5,0,0.15,0.15,0.00,0.15,0,4,0,0.2,0.04,0.06,0.06,Matches,36,3,0.00,0.02,0.02
Jonas Sterner,deGER,DF,Holstein Kiel,21,2002,16,5,518,5.8,2,0.00,0.35,0.35,0.35,0,1,0,1.1,0.08,0.27,0.27,Matches,16,26,0.35,0.19,0.19
Lars Stindl,deGER,"MF,FW",Karlsruher,34,1988,24,17,"1,514",16.8,4,0.24,0.48,0.24,0.48,0,3,0,4.6,0.17,0.44,0.44,Matches,92,95,0.24,0.27,0.27
Paul Stock,deGER,"MF,FW",Elversberg,26,1997,29,24,"1,966",21.8,6,0.23,0.50,0.27,0.50,0,4,0,4.7,0.18,0.39,0.39,Matches,119,95,0.27,0.22,0.22
Filip Stojilković,chSUI,"FW,MF",Kaiserslautern,23,2000,6,0,156,1.7,1,0.00,0.58,0.58,0.58,0,1,0,0.9,0.01,0.54,0.54,Matches,2,4,0.58,0.53,0.53
John-Patrick Strauß,phPHI,DF,Hansa Rostock,27,1996,15,8,788,8.8,1,0.00,0.11,0.11,0.11,0,3,0,0.6,0.11,0.17,0.17,Matches,22,29,0.11,0.06,0.06
Florian Stritzel,deGER,GK,Wehen,29,1994,34,34,"3,060",34.0,0,0.00,0.00,0.00,0.00,0,2,0,0.0,0.00,0.00,0.00,Matches,3,0,0.00,0.00,0.00
Klaus Suso,deGER,"DF,MF",Düsseldorf,18,2005,3,0,39,0.4,0,0.00,0.00,0.00,0.00,0,0,0,0.0,0.00,0.05,0.05,Matches,6,2,0.00,0.05,0.05
Haris Tabakovic,baBIH,FW,Hertha BSC,29,1994,32,29,"2,560",28.4,22,0.21,0.98,0.63,0.84,5,2,0,22.4,0.17,0.82,0.96,Matches,49,127,0.77,0.79,0.65
Richmond Tachie,deGER,"FW,MF",Kaiserslautern,24,1999,28,23,"1,761",19.6,3,0.31,0.46,0.15,0.46,0,1,0,3.5,0.13,0.31,0.31,Matches,21,146,0.15,0.18,0.18
Emanuel Taffertshofer,deGER,MF,Wehen,28,1995,7,0,122,1.4,0,0.00,0.00,0.00,0.00,0,1,0,0.1,0.05,0.10,0.10,Matches,15,1,0.00,0.05,0.05
Ao Tanaka,jpJPN,MF,Düsseldorf,24,1998,30,24,"2,259",25.1,7,0.12,0.40,0.28,0.40,0,3,0,4.4,0.10,0.28,0.28,Matches,142,75,0.28,0.18,0.18
Anssi Tapio Suhonen,fiFIN,MF,Hamburger SV,22,2001,13,2,258,2.9,0,0.35,0.35,0.00,0.35,0,0,0,0.3,0.07,0.17,0.17,Matches,16,30,0.00,0.10,0.10
Niklas Tauer,deGER,MF,Braunschweig,22,2001,16,4,561,6.2,0,0.00,0.00,0.00,0.00,0,3,0,0.3,0.07,0.11,0.11,Matches,17,6,0.00,0.04,0.04
Niklas Tauer,deGER,DF,Schalke 04,22,2001,1,1,45,0.5,0,0.00,0.00,0.00,0.00,0,0,0,0.0,0.00,0.00,0.00,Matches,0,5,0.00,0.00,0.00
Bryan Teixeira,cvCPV,"FW,MF",Magdeburg,22,2000,9,6,536,6.0,2,0.00,0.34,0.17,0.17,1,1,0,2.5,0.04,0.33,0.46,Matches,6,29,0.34,0.42,0.29
Lino Tempelmann,deGER,MF,Schalke 04,24,1999,22,13,"1,116",12.4,1,0.08,0.16,0.08,0.16,0,2,0,0.6,0.07,0.11,0.11,Matches,43,27,0.08,0.05,0.05
Simon Terodde,deGER,FW,Schalke 04,35,1988,28,23,"1,987",22.1,5,0.23,0.45,0.18,0.41,1,1,0,7.3,0.11,0.40,0.44,Matches,25,93,0.23,0.33,0.29
Robert Tesche,deGER,MF,Osnabrück,36,1987,29,23,"1,976",22.0,1,0.09,0.14,0.05,0.14,0,5,0,2.3,0.07,0.18,0.18,Matches,82,42,0.05,0.10,0.10
Cedric Teuchert,deGER,"FW,MF",Hannover 96,26,1997,27,12,"1,266",14.1,11,0.07,0.85,0.36,0.43,6,4,0,10.4,0.19,0.59,0.92,Matches,44,89,0.78,0.73,0.41
Maximilian Thalhammer,deGER,"MF,DF",Osnabrück,26,1997,16,9,825,9.2,0,0.11,0.11,0.00,0.11,0,1,0,0.1,0.01,0.02,0.02,Matches,20,4,0.00,0.01,0.01
Marco Thiede,deGER,DF,Karlsruher,31,1992,20,4,633,7.0,1,0.14,0.28,0.14,0.28,0,1,0,0.1,0.03,0.05,0.05,Matches,16,21,0.14,0.02,0.02
Boris Tomiak,deGER,"DF,MF",Kaiserslautern,24,1998,30,30,"2,592",28.8,4,0.07,0.21,0.07,0.14,2,6,2,2.4,0.08,0.10,0.16,Matches,107,18,0.14,0.08,0.03
Almamy Touré,mlMLI,DF,Kaiserslautern,27,1996,11,10,838,9.3,1,0.21,0.32,0.11,0.32,0,1,1,2.0,0.17,0.39,0.39,Matches,30,10,0.11,0.21,0.21
Nicolo Tresoldi,deGER,FW,Hannover 96,18,2004,30,24,"1,972",21.9,7,0.09,0.41,0.32,0.41,0,1,0,9.0,0.05,0.46,0.46,Matches,22,95,0.32,0.41,0.41
Philipp Treu,deGER,"MF,DF",St. Pauli,22,2000,26,17,"1,498",16.6,1,0.12,0.18,0.06,0.18,0,1,0,0.5,0.13,0.16,0.16,Matches,61,51,0.06,0.03,0.03
Christos Tzolis,grGRE,"FW,MF",Düsseldorf,21,2002,30,28,"2,367",26.3,22,0.23,1.06,0.65,0.87,6,5,0,18.0,0.26,0.76,0.94,Matches,86,220,0.84,0.68,0.50
Takashi Uchino,jpJPN,DF,Düsseldorf,22,2001,16,4,384,4.3,1,0.00,0.23,0.23,0.23,0,3,0,0.2,0.04,0.08,0.08,Matches,22,12,0.23,0.04,0.04
Anthony Ujah,ngNGA,FW,Braunschweig,32,1990,23,8,926,10.3,3,0.19,0.49,0.29,0.49,0,1,0,4.5,0.09,0.53,0.53,Matches,21,41,0.29,0.44,0.44
Jonas Urbig,deGER,GK,Greuther Fürth,19,2003,33,33,"2,969",33.0,0,0.00,0.00,0.00,0.00,0,3,0,0.0,0.03,0.03,0.03,Matches,7,0,0.00,0.00,0.00
Can Uzun,trTUR,"MF,FW",Nürnberg,17,2005,30,25,"1,992",22.1,16,0.09,0.81,0.59,0.68,5,5,0,10.4,0.11,0.41,0.58,Matches,93,71,0.72,0.47,0.29
Enrico Valentini,itITA,DF,Nürnberg,34,1989,17,10,825,9.2,0,0.00,0.00,0.00,0.00,0,2,0,0.2,0.06,0.08,0.08,Matches,49,8,0.00,0.02,0.02
Ignace Van Der Brempt,beBEL,DF,Hamburger SV,21,2002,23,22,"1,774",19.7,0,0.15,0.15,0.00,0.15,0,3,0,0.4,0.14,0.16,0.16,Matches,101,99,0.00,0.02,0.02
Hugo Vandermersch,frFRA,DF,Elversberg,24,1999,26,26,"2,277",25.3,2,0.08,0.16,0.08,0.16,0,5,0,1.8,0.06,0.13,0.13,Matches,99,142,0.08,0.07,0.07
Sebastian Vasiliadis,grGRE,"MF,DF",Hansa Rostock,25,1997,20,12,"1,104",12.3,0,0.00,0.00,0.00,0.00,0,5,0,0.5,0.03,0.07,0.07,Matches,49,31,0.00,0.04,0.04
Nikola Vasilj,baBIH,GK,St. Pauli,27,1995,34,34,"3,060",34.0,0,0.00,0.00,0.00,0.00,0,1,0,0.0,0.01,0.01,0.01,Matches,0,0,0.00,0.00,0.00
John Verhoek,nlNED,"FW,MF",Osnabrück,34,1989,12,1,261,2.9,0,0.34,0.34,0.00,0.34,0,3,0,0.3,0.09,0.18,0.18,Matches,12,15,0.00,0.09,0.09
Vincent Vermeij,nlNED,FW,Düsseldorf,28,1994,30,22,"1,832",20.4,12,0.15,0.74,0.54,0.69,1,4,0,8.1,0.14,0.49,0.53,Matches,37,100,0.59,0.40,0.36
Andreas Voglsammer,deGER,"FW,MF",Hannover 96,31,1992,27,14,"1,441",16.0,8,0.12,0.62,0.50,0.62,0,4,0,4.7,0.18,0.47,0.47,Matches,44,99,0.50,0.29,0.29
Aleksandar Vukotić,rsSRB,DF,Wehen,28,1995,28,27,"2,334",25.9,2,0.04,0.12,0.08,0.12,0,11,1,2.2,0.05,0.14,0.14,Matches,71,5,0.08,0.08,0.08
Robert Wagner,deGER,MF,Greuther Fürth,20,2003,31,30,"2,545",28.3,4,0.14,0.28,0.14,0.28,0,5,1,2.4,0.04,0.12,0.12,Matches,110,26,0.14,0.08,0.08
Hauke Wahl,deGER,DF,St. Pauli,29,1994,33,32,"2,873",31.9,0,0.00,0.00,0.00,0.00,0,4,1,1.3,0.02,0.06,0.06,Matches,144,18,0.00,0.04,0.04
Marvin Wanitzek,deGER,"MF,FW",Karlsruher,30,1993,32,32,"2,828",31.4,10,0.16,0.48,0.22,0.38,4,6,0,10.0,0.17,0.39,0.49,Matches,164,196,0.32,0.32,0.22
Paul Wanner,deGER,"MF,FW",Elversberg,17,2005,28,21,"1,689",18.8,6,0.16,0.48,0.32,0.48,0,2,0,5.7,0.08,0.38,0.38,Matches,54,117,0.32,0.30,0.30
Timon Weiner,deGER,GK,Holstein Kiel,24,1999,30,30,"2,700",30.0,0,0.00,0.00,0.00,0.00,0,1,0,0.0,0.00,0.00,0.00,Matches,2,0,0.00,0.00,0.00
Max Weiß,deGER,GK,Karlsruher,19,2004,2,2,180,2.0,0,0.00,0.00,0.00,0.00,0,0,0,0.0,0.00,0.00,0.00,Matches,0,0,0.00,0.00,0.00
Erik Wekesser,deGER,"MF,FW",Nürnberg,26,1997,17,6,739,8.2,0,0.24,0.24,0.00,0.24,0,3,0,0.6,0.05,0.12,0.12,Matches,17,41,0.00,0.07,0.07
Danilo Wiebe,deGER,"DF,MF",Braunschweig,29,1994,12,7,715,7.9,0,0.00,0.00,0.00,0.00,0,2,0,0.4,0.17,0.22,0.22,Matches,32,25,0.00,0.05,0.05
Niklas Wiemann,deGER,DF,Osnabrück,24,1999,28,20,"1,852",20.6,1,0.00,0.05,0.05,0.05,0,3,2,0.9,0.00,0.04,0.04,Matches,51,10,0.05,0.04,0.04
Jordy de Wijs,nlNED,DF,Düsseldorf,28,1995,28,25,"2,035",22.6,2,0.09,0.18,0.09,0.18,0,5,0,1.8,0.05,0.13,0.13,Matches,94,12,0.09,0.08,0.08
Marten Winkler,deGER,FW,Hertha BSC,20,2002,30,22,"1,548",17.2,5,0.29,0.58,0.29,0.58,0,7,0,4.0,0.11,0.34,0.34,Matches,33,117,0.29,0.23,0.23
Jannes Wulff,deGER,"FW,MF",Osnabrück,23,1999,26,11,"1,022",11.4,0,0.09,0.09,0.00,0.09,0,3,0,2.3,0.11,0.32,0.32,Matches,34,56,0.00,0.20,0.20
Deyovaisio Zeefuik,nlNED,"DF,MF",Hertha BSC,25,1998,18,16,"1,328",14.8,0,0.00,0.00,0.00,0.00,0,5,0,0.1,0.03,0.03,0.03,Matches,47,27,0.00,0.00,0.00
Aaron Zehnter,deGER,"DF,MF",Paderborn 07,18,2004,15,11,966,10.7,1,0.37,0.47,0.09,0.47,0,0,0,0.5,0.22,0.27,0.27,Matches,56,56,0.09,0.05,0.05
Ron-Robert Zieler,deGER,GK,Hannover 96,34,1989,34,34,"3,060",34.0,0,0.00,0.00,0.00,0.00,0,4,0,0.0,0.01,0.01,0.01,Matches,2,0,0.00,0.00,0.00
Jean Zimmer,deGER,DF,Kaiserslautern,29,1993,29,26,"2,261",25.1,1,0.12,0.16,0.04,0.16,0,5,0,0.8,0.09,0.12,0.12,Matches,119,69,0.04,0.03,0.03
Matthias Zimmermann,deGER,DF,Düsseldorf,31,1992,25,24,"2,100",23.3,1,0.21,0.26,0.04,0.26,0,3,1,0.6,0.11,0.14,0.14,Matches,160,109,0.04,0.03,0.03
Budu Zivzivadze,geGEO,FW,Karlsruher,29,1994,30,13,"1,336",14.8,12,0.07,0.88,0.81,0.88,0,2,0,9.8,0.09,0.75,0.75,Matches,22,105,0.81,0.66,0.66
Ben Zolinski,deGER,"DF,FW",Kaiserslautern,31,1992,6,3,242,2.7,0,0.74,0.74,0.00,0.74,0,2,0,0.2,0.09,0.16,0.16,Matches,11,8,0.00,0.07,0.07
Simon Zoller,deGER,"MF,FW",St. Pauli,32,1991,4,0,41,0.5,0,0.00,0.00,0.00,0.00,0,0,0,0.1,0.00,0.23,0.23,Matches,1,3,0.00,0.23,0.23
Hendrick Zuck,deGER,"DF,MF",Kaiserslautern,33,1990,5,2,159,1.8,0,0.00,0.00,0.00,0.00,0,0,0,0.1,0.16,0.23,0.23,Matches,5,5,0.00,0.07,0.07
