,Player,Nation,Pos,Squad,Age,Born,MP,Starts,Min,90s,Gls,Ast,G+A,G-PK,PK,PKatt,CrdY,CrdR,xG,npxG,xAG,npxG+xAG,PrgC,PrgP,PrgR,Gls,Ast,G+A,G-PK,G+A-PK,xG,xAG,xG+xAG,npxG,npxG+xAG
0,Dickson Abiama,NGA,FW,Greuther Fürth,24,1998,13,5,533,5.9,3,1,4,3,0,0,1,0,2.6,2.6,0.4,3.0,12,15,38,0.51,0.17,0.68,0.51,0.68,0.44,0.07,0.51,0.44,0.51
1,Dickson Abiama,NGA,"FW,MF",Kaiserslautern,24,1998,13,0,247,2.7,0,0,0,0,0,0,3,0,0.5,0.5,0.3,0.8,11,5,20,0.00,0.00,0.00,0.00,0.00,0.19,0.11,0.29,0.19,0.29
2,Ragnar Ache,GER,FW,Kaiserslautern,25,1998,26,22,"1,783",19.8,16,0,16,16,0,0,0,0,12.7,12.7,1.1,13.8,20,21,77,0.81,0.00,0.81,0.81,0.81,0.64,0.05,0.70,0.64,0.70
3,Aremu Afeez,NGA,"MF,FW",Kaiserslautern,23,1999,5,0,56,0.6,0,0,0,0,0,0,0,1,0.0,0.0,0.0,0.0,0,1,1,0.00,0.00,0.00,0.00,0.00,0.02,0.00,0.02,0.02,0.02
4,Oladapo Afolayan,ENG,"FW,MF",St. Pauli,25,1998,31,27,"2,201",24.5,9,3,12,9,0,0,4,0,4.9,4.9,2.8,7.7,83,59,211,0.37,0.12,0.49,0.37,0.49,0.20,0.11,0.32,0.20,0.32
5,Nikolas Agrafiotis,NED,"FW,DF",Wehen,23,2000,12,5,434,4.8,1,0,1,1,0,0,0,0,1.4,1.4,0.2,1.6,2,10,30,0.21,0.00,0.21,0.21,0.21,0.29,0.04,0.33,0.29,0.33
6,Andreas Albers,DEN,"FW,MF",St. Pauli,33,1990,17,3,430,4.8,1,0,1,1,0,0,0,0,1.7,1.7,0.3,1.9,3,4,33,0.21,0.00,0.21,0.21,0.21,0.35,0.06,0.40,0.35,0.40
7,Xavier Amaechi,ENG,"MF,FW",Magdeburg,22,2001,16,9,699,7.8,1,1,2,1,0,0,2,0,0.7,0.7,2.3,3.0,31,31,86,0.13,0.13,0.26,0.13,0.26,0.09,0.29,0.39,0.09,0.39
8,Stephan Ambrosius,GHA,DF,Hamburger SV,24,1998,18,12,"1,207",13.4,0,0,0,0,0,0,2,0,0.2,0.2,0.1,0.3,9,51,2,0.00,0.00,0.00,0.00,0.00,0.01,0.01,0.02,0.01,0.02
9,Etienne Amenyido,TOG,"FW,MF",St. Pauli,25,1998,19,0,198,2.2,1,2,3,1,0,0,1,0,0.4,0.4,0.6,1.0,12,12,31,0.45,0.91,1.36,0.45,1.36,0.18,0.26,0.44,0.18,0.44
10,Youssef Amyn,IRQ,"FW,MF",Braunschweig,19,2003,9,2,328,3.6,0,0,0,0,0,0,0,0,0.4,0.4,0.1,0.5,11,10,24,0.00,0.00,0.00,0.00,0.00,0.12,0.02,0.14,0.12,0.14
11,Sebastian Andersson,SWE,FW,Nürnberg,32,1991,15,11,945,10.5,2,1,3,2,0,0,1,0,3.0,3.0,0.8,3.8,3,12,43,0.19,0.10,0.29,0.19,0.29,0.28,0.07,0.36,0.28,0.36
12,Thanasis Androutsos,GRE,"DF,MF",Osnabrück,26,1997,13,8,722,8.0,0,0,0,0,0,0,4,0,0.1,0.1,0.1,0.3,17,51,31,0.00,0.00,0.00,0.00,0.00,0.02,0.02,0.03,0.02,0.03
13,Martin Angha,SUI,DF,Wehen,29,1994,24,22,"2,019",22.4,0,0,0,0,0,0,8,1,1.0,1.0,1.2,2.2,8,62,13,0.00,0.00,0.00,0.00,0.00,0.05,0.05,0.10,0.05,0.10
14,Ilyas Ansah,GER,"FW,MF",Paderborn 07,18,2004,24,14,"1,212",13.5,1,2,3,1,0,0,3,0,2.2,2.2,2.5,4.8,32,19,93,0.07,0.15,0.22,0.07,0.22,0.17,0.19,0.36,0.17,0.36
15,Nico Antonitsch,AUT,DF,Elversberg,31,1991,3,0,87,1.0,0,0,0,0,0,0,1,0,0.2,0.2,0.0,0.2,0,2,0,0.00,0.00,0.00,0.00,0.00,0.19,0.00,0.19,0.19,0.19
16,Shinta Appelkamp,GER,"MF,FW",Düsseldorf,22,2000,25,19,"1,701",18.9,3,10,13,3,0,0,0,0,1.6,1.6,5.4,7.0,28,88,84,0.16,0.53,0.69,0.16,0.69,0.09,0.28,0.37,0.09,0.37
17,Jann-Fiete Arp,GER,"FW,MF",Holstein Kiel,23,2000,17,8,770,8.6,5,2,7,5,0,0,2,0,3.7,3.7,0.4,4.2,15,21,66,0.58,0.23,0.82,0.58,0.82,0.44,0.05,0.49,0.44,0.49
18,Bright Arrey-Mbi,GER,DF,Hannover 96,20,2003,32,28,"2,456",27.3,0,0,0,0,0,0,3,0,0.3,0.3,0.1,0.4,29,82,23,0.00,0.00,0.00,0.00,0.00,0.01,0.00,0.01,0.01,0.01
19,Ahmet Arslan,GER,"MF,FW",Magdeburg,29,1994,9,3,252,2.8,2,1,3,2,0,0,2,0,1.6,1.6,0.2,1.8,7,23,19,0.71,0.36,1.07,0.71,1.07,0.57,0.08,0.65,0.57,0.65
20,Simon Asta,GER,DF,Greuther Fürth,22,2001,32,32,"2,650",29.4,2,4,6,2,0,0,5,0,1.4,1.4,2.4,3.8,57,91,157,0.07,0.14,0.20,0.07,0.20,0.05,0.08,0.13,0.05,0.13
21,Barış Atik,GER,"FW,MF",Magdeburg,28,1995,33,33,"2,827",31.4,4,10,14,4,0,0,10,0,5.4,5.4,9.7,15.1,107,187,298,0.13,0.32,0.45,0.13,0.45,0.17,0.31,0.48,0.17,0.48
22,Janik Bachmann,GER,"MF,DF",Hansa Rostock,27,1996,21,16,"1,368",15.2,0,0,0,0,0,0,2,0,1.3,1.3,0.3,1.6,3,23,16,0.00,0.00,0.00,0.00,0.00,0.08,0.02,0.10,0.08,0.10
23,Aurel Badji Wagbe,GER,DF,Holstein Kiel,19,2004,1,0,1,0.0,0,0,0,0,0,0,0,0,0.0,0.0,0.0,0.0,0,0,0,0.00,0.00,0.00,0.00,0.00,0.00,0.00,0.00,0.00,0.00
24,Florian Bähr,GER,"DF,MF",Osnabrück,20,2003,5,0,47,0.5,0,0,0,0,0,0,1,0,0.0,0.0,0.1,0.2,2,1,1,0.00,0.00,0.00,0.00,0.00,0.05,0.25,0.30,0.05,0.30
25,,,,,,,,,,,,,,,,,,,,,,,,,,,,,,,,,,,
26,Scott Banks,SCO,FW,St. Pauli,21,2001,4,0,70,0.8,0,1,1,0,0,0,1,0,0.1,0.1,0.6,0.6,3,1,4,0.00,1.29,1.29,0.00,1.29,0.09,0.72,0.81,0.09,0.81
27,Aymen Barkok,MAR,MF,Hertha BSC,25,1998,12,10,842,9.4,1,0,1,1,0,0,2,0,1.6,1.6,0.3,1.9,19,40,19,0.11,0.00,0.11,0.11,0.11,0.17,0.03,0.20,0.17,0.20
28,Nick Bätzner,GER,MF,Wehen,23,2000,24,18,"1,544",17.2,1,1,2,1,0,0,3,0,2.6,2.6,1.1,3.7,30,77,83,0.06,0.06,0.12,0.06,0.12,0.15,0.06,0.22,0.15,0.22
29,Timo Baumgartl,GER,DF,Schalke 04,27,1996,12,11,940,10.4,0,0,0,0,0,0,0,0,0.5,0.5,0.4,0.9,7,53,7,0.00,0.00,0.00,0.00,0.00,0.05,0.04,0.09,0.05,0.09
30,Timo Becker,GER,"DF,MF",Holstein Kiel,26,1997,28,26,"2,274",25.3,7,3,10,6,1,1,3,0,4.2,3.4,1.6,5.0,28,68,68,0.28,0.12,0.40,0.24,0.36,0.17,0.06,0.23,0.14,0.20
31,Timo Beermann,GER,DF,Osnabrück,32,1990,6,6,459,5.1,0,0,0,0,0,0,0,0,0.4,0.4,0.0,0.4,0,19,1,0.00,0.00,0.00,0.00,0.00,0.07,0.00,0.07,0.07,0.07
32,Brian Behrendt,GER,DF,Braunschweig,31,1991,6,6,539,6.0,0,0,0,0,0,0,2,1,0.3,0.3,0.2,0.5,3,21,0,0.00,0.00,0.00,0.00,0.00,0.05,0.03,0.08,0.05,0.08
33,Marcel Beifus,GER,DF,Karlsruher,20,2002,21,13,"1,214",13.5,1,0,1,1,0,0,1,0,0.8,0.8,0.1,0.8,6,42,4,0.07,0.00,0.07,0.07,0.07,0.06,0.00,0.06,0.06,0.06
34,Leon Bell Bell,CMR,"DF,MF",Magdeburg,26,1996,29,28,"2,331",25.9,1,1,2,1,0,0,6,0,1.1,1.1,1.9,3.0,57,94,136,0.04,0.04,0.08,0.04,0.08,0.04,0.07,0.12,0.04,0.12
35,Louey Ben Farhat,GER,MF,Karlsruher,17,2006,1,0,11,0.1,0,0,0,0,0,0,0,0,0.0,0.0,0.0,0.0,1,0,2,0.00,0.00,0.00,0.00,0.00,0.00,0.00,0.00,0.00,0.00
36,László Bénes,SVK,"MF,FW",Hamburger SV,25,1997,27,26,"2,288",25.4,13,11,24,10,3,4,4,1,11.6,8.6,8.5,17.0,45,124,163,0.51,0.43,0.94,0.39,0.83,0.46,0.33,0.79,0.34,0.67
37,Keanan Bennetts,ENG,"DF,FW",Wehen,24,1999,9,3,342,3.8,0,0,0,0,0,0,2,0,0.0,0.0,0.3,0.3,14,16,18,0.00,0.00,0.00,0.00,0.00,0.01,0.07,0.08,0.01,0.08
38,Alexander Bernhardsson,SWE,"FW,MF",Holstein Kiel,24,1998,13,10,912,10.1,4,0,4,4,0,0,2,0,3.2,3.2,0.6,3.8,21,24,72,0.39,0.00,0.39,0.39,0.39,0.32,0.06,0.38,0.32,0.38
39,Max Besuschkow,GER,MF,Hannover 96,26,1997,1,1,90,1.0,0,0,0,0,0,0,0,0,0.0,0.0,0.0,0.0,1,7,2,0.00,0.00,0.00,0.00,0.00,0.03,0.00,0.03,0.03,0.03
40,Ermin Bičakčić,BIH,DF,Braunschweig,33,1990,22,21,"1,869",20.8,4,0,4,4,0,0,6,0,2.4,2.4,1.1,3.5,8,29,2,0.19,0.00,0.19,0.19,0.19,0.12,0.05,0.17,0.12,0.17
41,Filip Bilbija,GER,"MF,FW",Paderborn 07,23,2000,27,25,"2,020",22.4,5,5,10,5,0,0,4,1,8.8,8.8,3.8,12.6,66,64,120,0.22,0.22,0.45,0.22,0.45,0.39,0.17,0.56,0.39,0.56
42,Herbert Bockhorn,GER,"DF,MF",Magdeburg,28,1995,28,24,"2,272",25.2,3,2,5,3,0,0,7,0,2.1,2.1,2.2,4.3,84,107,193,0.12,0.08,0.20,0.12,0.20,0.08,0.09,0.17,0.08,0.17
43,Pelle Boevink,NED,GK,Paderborn 07,25,1998,20,20,"1,800",20.0,0,0,0,0,0,0,2,0,0.0,0.0,0.2,0.2,0,2,0,0.00,0.00,0.00,0.00,0.00,0.00,0.01,0.01,0.00,0.01
44,Luca Böggemann,GER,GK,Osnabrück,19,2004,1,0,7,0.1,0,0,0,0,0,0,0,0,0.0,0.0,0.0,0.0,0,0,0,0.00,0.00,0.00,0.00,0.00,0.00,0.00,0.00,0.00,0.00
45,Robin Bormuth,GER,DF,Karlsruher,27,1995,23,19,"1,690",18.8,1,0,1,1,0,0,3,0,0.6,0.6,0.1,0.7,13,72,3,0.05,0.00,0.05,0.05,0.05,0.03,0.01,0.04,0.03,0.04
46,Julian Börner,GER,DF,Hannover 96,32,1991,4,1,142,1.6,0,0,0,0,0,0,0,0,0.0,0.0,0.0,0.1,1,5,3,0.00,0.00,0.00,0.00,0.00,0.02,0.03,0.05,0.02,0.05
47,Tim Boss,GER,GK,Elversberg,30,1993,1,1,90,1.0,0,0,0,0,0,0,0,0,0.0,0.0,0.0,0.0,0,0,0,0.00,0.00,0.00,0.00,0.00,0.00,0.00,0.00,0.00,0.00
48,Andreas Bouchalakis,GRE,MF,Hertha BSC,30,1993,25,15,"1,470",16.3,1,1,2,1,0,0,4,0,0.4,0.4,0.9,1.3,6,71,7,0.06,0.06,0.12,0.06,0.12,0.03,0.05,0.08,0.03,0.08
49,Carlo Boukhalfa,MAR,"MF,FW",St. Pauli,24,1999,17,0,95,1.1,1,0,1,1,0,0,1,0,0.2,0.2,0.0,0.2,3,3,11,0.95,0.00,0.95,0.95,0.95,0.17,0.00,0.17,0.17,0.17
50,Joseph Boyamba,GER,"FW,MF",Elversberg,27,1996,25,1,429,4.8,3,0,3,3,0,0,1,0,2.0,2.0,0.7,2.7,9,22,35,0.63,0.00,0.63,0.63,0.63,0.42,0.15,0.57,0.42,0.57
51,,,,,,,,,,,,,,,,,,,,,,,,,,,,,,,,,,,
52,Terrence Boyd,USA,FW,Kaiserslautern,32,1991,15,8,723,8.0,2,1,3,2,0,1,2,0,3.9,3.0,0.4,3.3,6,19,24,0.25,0.12,0.37,0.25,0.37,0.48,0.05,0.53,0.37,0.41
53,Calvin Brackelmann,GER,DF,Paderborn 07,23,1999,13,8,738,8.2,0,0,0,0,0,0,1,0,0.7,0.7,0.1,0.9,1,25,5,0.00,0.00,0.00,0.00,0.00,0.09,0.02,0.11,0.09,0.11
54,Jascha Brandt,GER,FW,Paderborn 07,20,2003,1,0,23,0.3,0,0,0,0,0,0,0,0,0.0,0.0,0.0,0.0,1,0,3,0.00,0.00,0.00,0.00,0.00,0.00,0.10,0.10,0.00,0.10
55,Daniel Brosinski,GER,"DF,MF",Karlsruher,35,1988,17,4,420,4.7,0,0,0,0,0,0,0,0,1.0,1.0,0.4,1.4,13,17,30,0.00,0.00,0.00,0.00,0.00,0.21,0.09,0.30,0.21,0.30
56,Nathaniel Brown,GER,DF,Nürnberg,20,2003,29,27,"2,405",26.7,0,5,5,0,0,0,5,0,0.8,0.7,1.7,2.4,75,117,71,0.00,0.19,0.19,0.00,0.19,0.03,0.06,0.09,0.03,0.09
57,Júnior Brumado,BRA,FW,Hansa Rostock,24,1999,23,18,"1,483",16.5,4,0,4,2,2,2,3,1,5.1,3.5,1.7,5.2,18,32,89,0.24,0.00,0.24,0.12,0.12,0.31,0.10,0.41,0.21,0.31
58,Cédric Brunner,SUI,DF,Schalke 04,29,1994,17,14,"1,150",12.8,0,0,0,0,0,0,5,0,0.4,0.4,0.8,1.2,19,47,31,0.00,0.00,0.00,0.00,0.00,0.03,0.06,0.09,0.03,0.09
59,Taylan Bulut,GER,DF,Schalke 04,17,2006,1,0,1,0.0,0,0,0,0,0,0,0,0,0.0,0.0,0.0,0.0,0,0,0,0.00,0.00,0.00,0.00,0.00,0.00,0.00,0.00,0.00,0.00
60,Daniel Bunk,GER,MF,Düsseldorf,19,2004,1,0,1,0.0,0,0,0,0,0,0,0,0,0.0,0.0,0.0,0.0,0,0,0,0.00,0.00,0.00,0.00,0.00,0.00,0.00,0.00,0.00,0.00
61,Dženis Burnić,BIH,"MF,FW",Karlsruher,25,1998,30,12,"1,266",14.1,2,1,3,2,0,0,6,0,1.3,1.3,3.1,4.3,22,87,53,0.14,0.07,0.21,0.14,0.21,0.09,0.22,0.31,0.09,0.31
62,Kerim Calhanoglu,GER,"DF,MF",Greuther Fürth,20,2002,11,3,324,3.6,0,1,1,0,0,0,0,0,0.0,0.0,0.5,0.5,8,17,18,0.00,0.28,0.28,0.00,0.28,0.01,0.13,0.14,0.01,0.14
63,Kaan Caliskaner,GER,"FW,MF",Braunschweig,23,1999,11,3,370,4.1,0,0,0,0,0,0,0,0,0.9,0.9,0.4,1.3,12,9,39,0.00,0.00,0.00,0.00,0.00,0.22,0.09,0.31,0.22,0.31
64,Florian Carstens,GER,DF,Wehen,24,1998,19,12,"1,078",12.0,0,1,1,0,0,0,5,0,0.5,0.5,0.5,1.1,5,43,13,0.00,0.08,0.08,0.00,0.08,0.04,0.05,0.09,0.04,0.09
65,Tino Casali,AUT,GK,Braunschweig,27,1995,1,1,90,1.0,0,0,0,0,0,0,0,0,0.0,0.0,0.0,0.0,0,0,0,0.00,0.00,0.00,0.00,0.00,0.00,0.00,0.00,0.00,0.00
66,Luc Castaignos,NED,FW,Magdeburg,30,1992,19,6,832,9.2,4,1,5,4,0,1,4,0,5.4,4.6,1.4,6.0,7,12,46,0.43,0.11,0.54,0.43,0.54,0.58,0.16,0.74,0.49,0.65
67,Niklas Castelle,GER,MF,Schalke 04,20,2002,1,0,6,0.1,0,0,0,0,0,0,0,0,0.0,0.0,0.0,0.0,1,0,0,0.00,0.00,0.00,0.00,0.00,0.00,0.00,0.00,0.00,0.00
68,Jens Castrop,GER,MF,Nürnberg,20,2003,27,23,"2,026",22.5,2,2,4,2,0,0,11,2,2.3,2.3,1.7,4.0,47,86,90,0.09,0.09,0.18,0.09,0.18,0.10,0.08,0.18,0.10,0.18
69,Amar Ćatić,BIH,DF,Wehen,24,1999,22,8,914,10.2,1,0,1,1,0,0,3,1,0.7,0.7,0.7,1.5,22,20,43,0.10,0.00,0.10,0.10,0.10,0.07,0.07,0.15,0.07,0.15
70,Jason Ceka,GER,"FW,MF",Magdeburg,23,1999,22,14,"1,131",12.6,1,6,7,1,0,0,4,0,1.9,1.9,2.8,4.7,26,44,110,0.08,0.48,0.56,0.08,0.56,0.15,0.22,0.37,0.15,0.37
71,Paterson Chato,GER,DF,Osnabrück,26,1996,1,0,53,0.6,0,0,0,0,0,0,0,0,0.0,0.0,0.0,0.0,1,0,0,0.00,0.00,0.00,0.00,0.00,0.00,0.00,0.00,0.00,0.00
72,Gustav Christensen,DEN,"FW,MF",Hertha BSC,18,2004,12,1,286,3.2,0,1,1,0,0,0,2,0,0.2,0.2,1.1,1.3,12,6,30,0.00,0.31,0.31,0.00,0.31,0.07,0.33,0.40,0.07,0.40
73,Oliver Christensen,DEN,GK,Hertha BSC,24,1999,2,2,180,2.0,0,0,0,0,0,0,0,0,0.0,0.0,0.0,0.0,0,0,0,0.00,0.00,0.00,0.00,0.00,0.00,0.00,0.00,0.00,0.00
74,Max Christiansen,GER,MF,Hannover 96,26,1996,19,7,717,8.0,0,1,1,0,0,0,5,1,0.1,0.1,0.5,0.7,6,40,17,0.00,0.13,0.13,0.00,0.13,0.02,0.07,0.08,0.02,0.08
75,Darko Churlinov,MKD,"MF,FW",Schalke 04,23,2000,10,4,320,3.6,1,0,1,1,0,0,3,0,0.5,0.5,0.0,0.5,7,9,23,0.28,0.00,0.28,0.28,0.28,0.13,0.01,0.15,0.13,0.15
76,Ibrahima Cissé,MLI,DF,Schalke 04,22,2001,4,3,232,2.6,0,0,0,0,0,0,3,1,0.1,0.1,0.0,0.1,0,7,0,0.00,0.00,0.00,0.00,0.00,0.03,0.00,0.03,0.03,0.03
77,,,,,,,,,,,,,,,,,,,,,,,,,,,,,,,,,,,
78,Amara Conde,GER,MF,Magdeburg,26,1997,29,25,"1,951",21.7,1,2,3,1,0,0,4,0,1.4,1.4,1.0,2.4,51,122,79,0.05,0.09,0.14,0.05,0.14,0.06,0.05,0.11,0.06,0.11
79,Kevin Conrad,GER,DF,Elversberg,32,1990,11,8,719,8.0,0,0,0,0,0,0,2,0,0.4,0.4,0.0,0.4,2,23,1,0.00,0.00,0.00,0.00,0.00,0.05,0.00,0.05,0.05,0.05
80,Jomaine Consbruch,GER,MF,Greuther Fürth,21,2002,23,10,924,10.3,1,1,2,1,0,0,1,0,0.8,0.8,0.9,1.7,11,36,40,0.10,0.10,0.19,0.10,0.19,0.08,0.09,0.17,0.08,0.17
81,Christian Conteh,GER,"FW,MF",Osnabrück,23,1999,30,21,"1,663",18.5,4,2,6,4,0,0,3,0,3.3,3.3,2.7,6.0,101,38,146,0.22,0.11,0.32,0.22,0.32,0.18,0.15,0.33,0.18,0.33
82,Sirlord Conteh,GER,"FW,MF",Paderborn 07,27,1996,34,9,"1,116",12.4,3,3,6,3,0,0,2,0,5.7,5.7,3.4,9.1,29,11,101,0.24,0.24,0.48,0.24,0.48,0.46,0.27,0.73,0.46,0.73
83,Marcel Correia,POR,DF,Elversberg,34,1989,3,2,143,1.6,1,0,1,1,0,0,0,0,0.3,0.3,0.0,0.3,1,4,0,0.63,0.00,0.63,0.63,0.63,0.19,0.00,0.19,0.19,0.19
84,Mickaël Cuisance,FRA,MF,Osnabrück,23,1999,25,23,"2,029",22.5,3,1,4,0,3,3,10,2,4.4,2.0,4.5,6.5,31,101,111,0.13,0.04,0.18,0.00,0.04,0.20,0.20,0.39,0.09,0.29
85,Laurin Curda,GER,DF,Paderborn 07,21,2001,20,16,"1,421",15.8,0,0,0,0,0,0,2,0,0.4,0.4,0.1,0.5,32,99,27,0.00,0.00,0.00,0.00,0.00,0.03,0.01,0.03,0.03,0.03
86,Christoph Daferner,GER,FW,Nürnberg,25,1998,4,2,186,2.1,0,0,0,0,0,0,1,0,0.2,0.2,0.0,0.3,0,1,15,0.00,0.00,0.00,0.00,0.00,0.12,0.01,0.13,0.12,0.13
87,Christoph Daferner,GER,FW,Düsseldorf,25,1998,14,5,482,5.4,0,1,1,0,0,0,0,0,1.5,1.5,0.4,1.8,2,11,26,0.00,0.19,0.19,0.00,0.19,0.27,0.07,0.34,0.27,0.34
88,Thomas Dähne,GER,GK,Holstein Kiel,29,1994,3,3,270,3.0,0,0,0,0,0,0,0,0,0.0,0.0,0.0,0.0,0,0,0,0.00,0.00,0.00,0.00,0.00,0.00,0.00,0.00,0.00,0.00
89,Muhammed Damar,GER,MF,Hannover 96,19,2004,4,0,62,0.7,0,0,0,0,0,0,0,0,0.1,0.1,0.0,0.1,3,4,7,0.00,0.00,0.00,0.00,0.00,0.12,0.03,0.15,0.12,0.15
90,Bence Dárdai,GER,"MF,FW",Hertha BSC,17,2006,8,0,197,2.2,0,0,0,0,0,0,2,0,0.1,0.1,0.6,0.7,4,5,10,0.00,0.00,0.00,0.00,0.00,0.06,0.26,0.32,0.06,0.32
91,Márton Dárdai,HUN,"MF,DF",Hertha BSC,21,2002,29,27,"2,271",25.2,0,1,1,0,0,0,4,0,1.0,1.0,0.7,1.7,17,104,13,0.00,0.04,0.04,0.00,0.04,0.04,0.03,0.07,0.04,0.07
92,Palkó Dárdai,HUN,"MF,FW",Hertha BSC,24,1999,22,18,"1,419",15.8,6,4,10,6,0,0,3,0,4.2,4.2,2.3,6.4,20,43,73,0.38,0.25,0.63,0.38,0.63,0.26,0.14,0.41,0.26,0.41
93,Jonas David,GER,DF,Hansa Rostock,23,2000,15,13,"1,200",13.3,0,0,0,0,0,0,4,0,0.7,0.7,0.7,1.3,8,30,8,0.00,0.00,0.00,0.00,0.00,0.05,0.05,0.10,0.05,0.10
94,Saulo Decarli,SUI,DF,Braunschweig,31,1992,16,8,711,7.9,0,2,2,0,0,0,3,0,1.0,1.0,0.5,1.5,3,22,1,0.00,0.25,0.25,0.00,0.25,0.13,0.06,0.19,0.13,0.19
95,Jannik Dehm,GER,"DF,MF",Hannover 96,27,1996,28,26,"2,068",23.0,1,2,3,1,0,0,5,0,1.4,1.4,3.8,5.3,38,97,115,0.04,0.09,0.13,0.04,0.13,0.06,0.17,0.23,0.06,0.23
96,Steven van der Sloot,NED,DF,Schalke 04,21,2002,7,3,332,3.7,0,0,0,0,0,0,2,0,0.0,0.0,0.2,0.2,1,5,9,0.00,0.00,0.00,0.00,0.00,0.01,0.06,0.07,0.01,0.07
97,Jasper van der Werff,SUI,DF,Hansa Rostock,24,1998,21,19,"1,707",19.0,2,0,2,2,0,0,2,0,0.8,0.8,0.5,1.3,6,53,20,0.11,0.00,0.11,0.11,0.11,0.04,0.03,0.07,0.04,0.07
98,Oumar Diakhite,SEN,DF,Osnabrück,29,1993,19,18,"1,483",16.5,1,1,2,1,0,0,3,0,1.4,1.4,1.0,2.4,3,33,3,0.06,0.06,0.12,0.06,0.12,0.09,0.06,0.15,0.09,0.15
99,Maximilian Dietz,USA,DF,Greuther Fürth,21,2002,30,28,"2,302",25.6,0,0,0,0,0,0,7,0,0.2,0.2,0.2,0.4,29,144,13,0.00,0.00,0.00,0.00,0.00,0.01,0.01,0.02,0.01,0.02
100,Jean-Luc Dompé,FRA,"FW,MF",Hamburger SV,27,1995,28,17,"1,591",17.7,3,7,10,3,0,0,3,0,4.5,4.5,3.8,8.3,101,52,209,0.17,0.40,0.57,0.17,0.57,0.26,0.21,0.47,0.26,0.47
101,Anton Donkor,GER,"DF,FW",Braunschweig,25,1997,33,30,"2,570",28.6,2,2,4,2,0,0,3,0,2.3,2.3,3.0,5.3,71,73,145,0.07,0.07,0.14,0.07,0.14,0.08,0.10,0.19,0.08,0.19
102,Dennis Dressel,GER,MF,Hansa Rostock,24,1998,34,32,"2,848",31.6,2,2,4,2,0,0,3,0,1.4,1.4,1.4,2.8,40,159,38,0.06,0.06,0.13,0.06,0.13,0.04,0.05,0.09,0.04,0.09
103,,,,,,,,,,,,,,,,,,,,,,,,,,,,,,,,,,,
104,Patrick Drewes,GER,GK,Karlsruher,30,1993,32,32,"2,880",32.0,0,0,0,0,0,0,2,0,0.0,0.0,0.0,0.0,0,3,0,0.00,0.00,0.00,0.00,0.00,0.00,0.00,0.00,0.00,0.00
105,Dominick Drexler,GER,"MF,FW",Schalke 04,33,1990,11,7,527,5.9,1,0,1,1,0,0,0,0,1.2,1.2,0.6,1.9,12,31,24,0.17,0.00,0.17,0.17,0.17,0.21,0.11,0.32,0.21,0.32
106,Jeremy Dudziak,TUN,"DF,MF",Hertha BSC,27,1995,14,12,845,9.4,1,0,1,1,0,0,1,0,0.6,0.6,0.5,1.1,14,39,24,0.11,0.00,0.11,0.11,0.11,0.06,0.05,0.11,0.06,0.11
107,Taylan Duman,GER,MF,Nürnberg,26,1997,19,9,761,8.5,0,0,0,0,0,0,2,0,0.8,0.8,1.4,2.1,22,39,49,0.00,0.00,0.00,0.00,0.00,0.09,0.16,0.25,0.09,0.25
108,Luca Dürholtz,GER,"MF,FW",Elversberg,29,1993,15,3,465,5.2,0,0,0,0,0,0,3,0,0.4,0.4,0.5,0.8,1,17,5,0.00,0.00,0.00,0.00,0.00,0.07,0.09,0.16,0.07,0.16
109,Erik Durm,GER,"DF,MF",Kaiserslautern,31,1992,4,2,249,2.8,0,0,0,0,0,0,0,0,0.0,0.0,0.3,0.3,1,8,4,0.00,0.00,0.00,0.00,0.00,0.01,0.11,0.12,0.01,0.12
110,Eldin Dzogovic,LUX,MF,Magdeburg,20,2003,1,0,28,0.3,0,0,0,0,0,0,0,0,0.0,0.0,0.0,0.0,0,0,0,0.00,0.00,0.00,0.00,0.00,0.00,0.00,0.00,0.00,0.00
111,Adam Dźwigała,POL,"DF,MF",St. Pauli,27,1995,17,7,741,8.2,0,0,0,0,0,0,3,0,0.5,0.5,0.1,0.5,3,51,7,0.00,0.00,0.00,0.00,0.00,0.06,0.01,0.06,0.06,0.06
112,Johannes Eggestein,GER,FW,St. Pauli,25,1998,29,27,"2,217",24.6,9,4,13,9,0,0,2,0,7.1,7.1,4.6,11.8,27,61,171,0.37,0.16,0.53,0.37,0.53,0.29,0.19,0.48,0.29,0.48
113,Daniel Elfadli,LBY,"DF,MF",Magdeburg,26,1997,27,26,"2,228",24.8,0,0,0,0,0,0,4,2,0.7,0.7,0.4,1.1,25,69,17,0.00,0.00,0.00,0.00,0.00,0.03,0.02,0.04,0.03,0.04
114,Jan Elvedi,SUI,DF,Kaiserslautern,26,1996,33,33,"2,970",33.0,2,0,2,2,0,0,4,0,3.2,3.2,0.4,3.7,27,86,14,0.06,0.00,0.06,0.06,0.06,0.10,0.01,0.11,0.10,0.11
115,Keita Endo,JPN,"MF,DF",Braunschweig,25,1997,6,2,256,2.8,0,0,0,0,0,0,0,0,0.0,0.0,0.2,0.2,8,9,12,0.00,0.00,0.00,0.00,0.00,0.00,0.08,0.08,0.00,0.08
116,Erik Engelhardt,GER,FW,Osnabrück,25,1998,32,31,"2,654",29.5,10,1,11,9,1,1,0,0,8.1,7.3,1.9,9.2,39,51,142,0.34,0.03,0.37,0.31,0.34,0.28,0.06,0.34,0.25,0.31
117,Marcel Engelhardt,GER,GK,Holstein Kiel,30,1993,1,1,90,1.0,0,0,0,0,0,0,0,0,0.0,0.0,0.0,0.0,0,0,0,0.00,0.00,0.00,0.00,0.00,0.00,0.00,0.00,0.00,0.00
118,Yannik Engelhardt,GER,MF,Düsseldorf,22,2001,30,28,"2,529",28.1,3,2,5,3,0,0,8,0,2.3,2.3,1.7,4.0,44,132,47,0.11,0.07,0.18,0.11,0.18,0.08,0.06,0.14,0.08,0.14
119,Martin Ens,GER,DF,Paderborn 07,21,2001,4,4,313,3.5,0,0,0,0,0,0,1,1,0.0,0.0,0.0,0.0,1,1,0,0.00,0.00,0.00,0.00,0.00,0.00,0.00,0.00,0.00,0.00
120,Sebastian Ernst,GER,"MF,FW",Hannover 96,28,1995,26,10,986,11.0,1,0,1,1,0,0,0,0,2.2,2.2,0.8,2.9,20,53,59,0.09,0.00,0.09,0.09,0.09,0.20,0.07,0.27,0.20,0.27
121,Tjark Ernst,GER,GK,Hertha BSC,20,2003,27,27,"2,430",27.0,0,0,0,0,0,0,1,0,0.0,0.0,0.0,0.0,0,0,0,0.00,0.00,0.00,0.00,0.00,0.00,0.00,0.00,0.00,0.00
122,Patrick Erras,GER,DF,Holstein Kiel,28,1995,24,24,"2,070",23.0,1,0,1,1,0,0,3,0,1.2,1.2,0.5,1.7,10,75,4,0.04,0.00,0.04,0.04,0.04,0.05,0.02,0.07,0.05,0.07
123,Ali-Eren Ersungur,TUR,"MF,FW",Karlsruher,17,2005,4,0,47,0.5,0,0,0,0,0,0,0,0,0.2,0.2,0.0,0.2,2,3,1,0.00,0.00,0.00,0.00,0.00,0.32,0.00,0.32,0.32,0.32
124,Brooklyn Ezeh,GER,DF,Hannover 96,22,2001,12,2,330,3.7,0,1,1,0,0,0,2,0,0.0,0.0,0.5,0.5,8,8,10,0.00,0.27,0.27,0.00,0.27,0.01,0.13,0.14,0.01,0.14
125,Kimberly Ezekwem,GER,DF,Paderborn 07,22,2001,7,4,408,4.5,0,0,0,0,0,0,0,0,0.1,0.1,0.0,0.1,14,15,16,0.00,0.00,0.00,0.00,0.00,0.02,0.00,0.02,0.02,0.02
126,Wahid Faghir,DEN,FW,Elversberg,20,2003,17,4,534,5.9,3,1,4,3,0,0,3,0,2.3,2.3,0.7,3.0,10,12,44,0.51,0.17,0.67,0.51,0.67,0.38,0.12,0.50,0.38,0.50
127,Ralf Fährmann,GER,GK,Schalke 04,34,1988,9,9,810,9.0,0,0,0,0,0,0,1,0,0.0,0.0,0.0,0.0,0,0,0,0.00,0.00,0.00,0.00,0.00,0.00,0.00,0.00,0.00,0.00
128,Gino Fechner,GER,MF,Wehen,25,1997,25,21,"1,654",18.4,0,2,2,0,0,0,7,0,0.3,0.3,0.4,0.7,10,47,14,0.00,0.11,0.11,0.00,0.11,0.01,0.02,0.04,0.01,0.04
129,,,,,,,,,,,,,,,,,,,,,,,,,,,,,,,,,,,
130,Manuel Feil,GER,"FW,MF",Elversberg,28,1994,34,25,"2,147",23.9,3,1,4,3,0,0,4,0,3.9,3.9,1.5,5.4,19,80,130,0.13,0.04,0.17,0.13,0.17,0.16,0.06,0.23,0.16,0.23
131,Robin Fellhauer,GER,"MF,DF",Elversberg,25,1998,29,29,"2,566",28.5,0,4,4,0,0,0,4,0,0.9,0.9,3.3,4.2,51,129,68,0.00,0.14,0.14,0.00,0.14,0.03,0.12,0.15,0.03,0.15
132,Hampus Finndell,SWE,MF,Braunschweig,23,2000,9,1,247,2.7,0,0,0,0,0,0,2,0,0.2,0.2,0.1,0.3,1,10,3,0.00,0.00,0.00,0.00,0.00,0.08,0.04,0.12,0.08,0.12
133,Florian Flick,GER,MF,Nürnberg,23,2000,27,26,"2,299",25.5,2,1,3,2,0,0,5,0,0.5,0.5,1.5,2.1,17,93,13,0.08,0.04,0.12,0.08,0.12,0.02,0.06,0.08,0.02,0.08
134,Moritz Flotho,GER,FW,Paderborn 07,21,2002,1,1,63,0.7,0,0,0,0,0,0,0,0,0.0,0.0,0.0,0.0,1,1,3,0.00,0.00,0.00,0.00,0.00,0.03,0.00,0.03,0.03,0.03
135,Antonio Foti,CYP,"MF,FW",Hannover 96,19,2003,6,0,62,0.7,0,1,1,0,0,0,0,0,0.0,0.0,0.3,0.3,3,6,6,0.00,1.45,1.45,0.00,1.45,0.05,0.40,0.45,0.05,0.45
136,Marcel Franke,GER,DF,Karlsruher,30,1993,31,31,"2,699",30.0,2,1,3,2,0,0,6,0,1.9,1.9,1.0,2.9,11,130,2,0.07,0.03,0.10,0.07,0.10,0.06,0.03,0.10,0.06,0.10
137,Hólmbert Friðjónsson,ISL,"FW,MF",Holstein Kiel,30,1993,14,2,364,4.0,1,0,1,1,0,0,1,0,1.8,1.8,1.3,3.1,3,5,16,0.25,0.00,0.25,0.25,0.25,0.44,0.32,0.76,0.44,0.76
138,Kianz Froese,CAN,"MF,FW",Wehen,27,1996,22,9,784,8.7,1,0,1,1,0,0,3,0,2.0,2.0,0.9,3.0,27,35,63,0.11,0.00,0.11,0.11,0.11,0.23,0.11,0.34,0.23,0.34
139,Nils Fröling,SWE,"MF,FW",Hansa Rostock,23,2000,28,15,"1,386",15.4,2,1,3,2,0,0,0,0,2.0,2.0,1.4,3.3,21,26,60,0.13,0.06,0.19,0.13,0.19,0.13,0.09,0.22,0.13,0.22
140,Nicolas Gavory,FRA,DF,Düsseldorf,28,1995,25,18,"1,483",16.5,0,4,4,0,0,0,3,0,0.5,0.5,3.1,3.6,49,70,107,0.00,0.24,0.24,0.00,0.24,0.03,0.19,0.22,0.03,0.22
141,Linus Gechter,GER,DF,Hertha BSC,19,2004,16,10,"1,029",11.4,1,0,1,1,0,0,2,0,0.7,0.7,0.3,1.0,6,32,1,0.09,0.00,0.09,0.09,0.09,0.06,0.03,0.08,0.06,0.08
142,Johannes Geis,GER,MF,Nürnberg,29,1993,12,3,326,3.6,0,0,0,0,0,0,1,0,0.1,0.1,0.3,0.4,2,12,1,0.00,0.00,0.00,0.00,0.00,0.04,0.08,0.12,0.04,0.12
143,Marius Gersbeck,GER,GK,Hertha BSC,28,1995,4,4,360,4.0,0,0,0,0,0,0,0,0,0.0,0.0,0.0,0.0,0,0,0,0.00,0.00,0.00,0.00,0.00,0.00,0.00,0.00,0.00,0.00
144,Niko Gießelmann,GER,DF,Greuther Fürth,31,1991,10,10,679,7.5,0,0,0,0,0,0,1,0,0.3,0.3,0.4,0.7,7,31,16,0.00,0.00,0.00,0.00,0.00,0.05,0.05,0.09,0.05,0.09
145,Daniel Ginczek,GER,FW,Düsseldorf,32,1991,10,4,366,4.1,1,0,1,1,0,0,1,0,1.1,1.1,0.2,1.3,5,9,18,0.25,0.00,0.25,0.25,0.25,0.26,0.04,0.31,0.26,0.31
146,Lars Gindorf,GER,"MF,FW",Hannover 96,21,2001,10,5,418,4.6,2,1,3,2,0,0,1,0,2.8,2.8,1.5,4.3,8,20,28,0.43,0.22,0.65,0.43,0.65,0.60,0.32,0.92,0.60,0.92
147,Robert Glatzel,GER,FW,Hamburger SV,29,1994,32,30,"2,642",29.4,22,4,26,20,2,2,1,0,22.4,20.8,4.0,24.8,33,42,153,0.75,0.14,0.89,0.68,0.82,0.76,0.14,0.90,0.71,0.85
148,Dave Gnaase,GER,MF,Osnabrück,26,1996,31,28,"2,526",28.1,4,0,4,3,1,1,14,0,1.6,0.8,0.5,1.3,19,111,19,0.14,0.00,0.14,0.11,0.11,0.06,0.02,0.08,0.03,0.05
149,Silas Gnaka,CIV,"MF,DF",Magdeburg,24,1998,32,27,"2,405",26.7,4,4,8,4,0,0,2,0,1.9,1.9,4.8,6.7,33,193,28,0.15,0.15,0.30,0.15,0.30,0.07,0.18,0.25,0.07,0.25
150,Thomas Goiginger,AUT,FW,Osnabrück,30,1993,9,2,183,2.0,0,0,0,0,0,0,1,0,0.3,0.3,1.2,1.5,3,4,10,0.00,0.00,0.00,0.00,0.00,0.14,0.59,0.73,0.14,0.73
151,Benjamin Goller,GER,"FW,MF",Nürnberg,24,1999,31,28,"2,206",24.5,2,2,4,2,0,0,3,0,4.1,4.1,4.5,8.6,69,51,233,0.08,0.08,0.16,0.08,0.16,0.17,0.18,0.35,0.17,0.35
152,Johan Gomez,USA,"FW,MF",Braunschweig,22,2001,34,28,"2,222",24.7,3,3,6,3,0,0,4,0,6.0,6.0,2.6,8.6,42,47,107,0.12,0.12,0.24,0.12,0.24,0.24,0.11,0.35,0.24,0.35
153,Jérôme Gondorf,GER,MF,Karlsruher,35,1988,28,27,"2,319",25.8,1,1,2,1,0,0,5,0,1.3,1.3,1.3,2.7,13,117,50,0.04,0.04,0.08,0.04,0.08,0.05,0.05,0.10,0.05,0.10
154,Thijmen Goppel,NED,DF,Wehen,26,1997,32,26,"2,192",24.4,3,5,8,3,0,0,4,0,2.3,2.3,3.4,5.8,88,59,145,0.12,0.21,0.33,0.12,0.33,0.10,0.14,0.24,0.10,0.24
155,,,,,,,,,,,,,,,,,,,,,,,,,,,,,,,,,,,
156,Julian Green,USA,MF,Greuther Fürth,28,1995,25,24,"2,085",23.2,4,5,9,2,2,2,5,1,4.4,2.8,3.0,5.9,38,105,101,0.17,0.22,0.39,0.09,0.30,0.19,0.13,0.32,0.12,0.25
157,Sebastian Griesbeck,GER,"DF,MF",Braunschweig,32,1990,23,10,"1,049",11.7,0,0,0,0,0,0,1,0,0.3,0.3,0.2,0.5,4,35,5,0.00,0.00,0.00,0.00,0.00,0.03,0.01,0.04,0.03,0.04
158,Lennart Grill,GER,GK,Osnabrück,24,1999,15,15,"1,350",15.0,0,0,0,0,0,0,0,0,0.0,0.0,0.0,0.0,0,0,0,0.00,0.00,0.00,0.00,0.00,0.00,0.00,0.00,0.00,0.00
159,Adriano Grimaldi,GER,"FW,MF",Paderborn 07,32,1991,28,12,"1,306",14.5,9,1,10,9,0,1,6,1,7.2,6.4,3.3,9.8,9,34,79,0.62,0.07,0.69,0.62,0.69,0.50,0.23,0.73,0.44,0.67
160,Serhat Güler,GER,"FW,MF",Hansa Rostock,26,1997,10,0,75,0.8,0,0,0,0,0,0,0,0,0.0,0.0,0.0,0.0,3,1,7,0.00,0.00,0.00,0.00,0.00,0.03,0.00,0.03,0.03,0.03
161,Lasse Günther,GER,"DF,MF",Wehen,20,2003,22,14,"1,032",11.5,1,2,3,1,0,0,2,0,0.5,0.5,2.7,3.2,39,29,51,0.09,0.17,0.26,0.09,0.26,0.05,0.24,0.28,0.05,0.28
162,Ahmet Gürleyen,GER,DF,Nürnberg,24,1999,15,11,953,10.6,0,0,0,0,0,0,1,1,0.5,0.5,0.4,0.9,7,26,0,0.00,0.00,0.00,0.00,0.00,0.05,0.04,0.09,0.05,0.09
163,Sveinn Guðjohnsen,ISL,"FW,MF",Hansa Rostock,25,1998,12,1,180,2.0,1,0,1,1,0,0,1,0,0.8,0.8,0.1,0.9,0,4,10,0.50,0.00,0.50,0.50,0.50,0.40,0.07,0.46,0.40,0.46
164,Jan Gyamerah,GER,DF,Nürnberg,28,1995,28,25,"2,205",24.5,2,2,4,1,1,1,7,0,1.4,0.6,1.9,2.5,43,141,54,0.08,0.08,0.16,0.04,0.12,0.06,0.08,0.13,0.02,0.10
165,Maxwell Gyamfi,GER,DF,Osnabrück,23,2000,32,30,"2,754",30.6,1,0,1,1,0,0,6,1,1.2,1.2,0.8,1.9,25,62,16,0.03,0.00,0.03,0.03,0.03,0.04,0.03,0.06,0.04,0.06
166,Oussama Haddadi,TUN,DF,Greuther Fürth,31,1992,28,13,"1,461",16.2,0,1,1,0,0,0,2,0,0.5,0.5,1.3,1.7,29,84,78,0.00,0.06,0.06,0.00,0.06,0.03,0.08,0.11,0.03,0.11
167,Dennis Hadzikadunic,BIH,DF,Hamburger SV,25,1998,24,22,"1,931",21.5,1,0,1,1,0,0,8,1,0.7,0.7,0.1,0.8,25,150,6,0.05,0.00,0.05,0.05,0.05,0.03,0.00,0.04,0.03,0.04
168,Marcel Halstenberg,GER,DF,Hannover 96,31,1991,32,32,"2,833",31.5,5,5,10,3,2,2,4,1,5.0,3.4,2.0,5.3,19,132,21,0.16,0.16,0.32,0.10,0.25,0.16,0.06,0.22,0.11,0.17
169,Tim Handwerker,GER,"DF,MF",Nürnberg,25,1998,11,7,697,7.7,2,2,4,1,1,1,2,0,1.7,0.9,2.0,3.0,7,32,17,0.26,0.26,0.52,0.13,0.39,0.22,0.26,0.48,0.12,0.38
170,Mohamed El Hankouri,MAR,"MF,DF",Magdeburg,26,1997,18,15,"1,317",14.6,5,1,6,2,3,3,6,0,3.6,1.3,0.8,2.1,45,90,72,0.34,0.07,0.41,0.14,0.21,0.25,0.06,0.30,0.09,0.14
171,Mattes Hansen,GER,MF,Paderborn 07,19,2004,18,14,"1,181",13.1,2,0,2,2,0,0,2,0,0.7,0.7,0.6,1.3,11,43,12,0.15,0.00,0.15,0.15,0.15,0.05,0.05,0.10,0.05,0.10
172,Daniel Hanslik,GER,"FW,MF",Kaiserslautern,26,1996,24,7,808,9.0,4,1,5,4,0,0,1,0,3.2,3.2,0.8,4.0,7,31,28,0.45,0.11,0.56,0.45,0.56,0.35,0.09,0.45,0.35,0.45
173,Marcel Hartel,GER,"MF,FW",St. Pauli,27,1996,33,33,"2,957",32.9,17,12,29,14,3,3,0,0,13.1,10.8,6.8,17.6,54,160,199,0.52,0.37,0.88,0.43,0.79,0.40,0.21,0.61,0.33,0.54
174,Daichi Hayashi,JPN,FW,Nürnberg,26,1997,14,6,630,7.0,2,1,3,2,0,0,2,0,3.2,3.2,0.3,3.5,7,15,36,0.29,0.14,0.43,0.29,0.43,0.45,0.04,0.49,0.45,0.49
175,Daniel Heber,GER,DF,Magdeburg,29,1994,33,33,"2,900",32.2,2,0,2,2,0,0,5,1,1.4,1.4,0.1,1.5,29,200,19,0.06,0.00,0.06,0.06,0.06,0.04,0.00,0.05,0.04,0.05
176,Justin Heekeren,GER,GK,Schalke 04,22,2000,2,2,180,2.0,0,0,0,0,0,0,0,0,0.0,0.0,0.0,0.0,0,0,0,0.00,0.00,0.00,0.00,0.00,0.00,0.00,0.00,0.00,0.00
177,Philip Heise,GER,DF,Karlsruher,32,1991,24,22,"1,858",20.6,1,6,7,1,0,0,4,0,0.9,0.9,5.4,6.3,61,135,120,0.05,0.29,0.34,0.05,0.34,0.04,0.26,0.30,0.04,0.30
178,Philipp Hercher,GER,"FW,DF",Kaiserslautern,27,1996,8,0,129,1.4,0,0,0,0,0,0,1,0,0.1,0.1,0.3,0.4,3,2,18,0.00,0.00,0.00,0.00,0.00,0.05,0.23,0.28,0.05,0.28
179,David Herold,GER,DF,Karlsruher,20,2003,23,12,"1,081",12.0,1,1,2,1,0,0,0,0,0.5,0.5,0.8,1.3,21,43,64,0.08,0.08,0.17,0.08,0.17,0.04,0.07,0.11,0.04,0.11
180,Daniel Heuer Fernandes,POR,GK,Hamburger SV,30,1992,20,20,"1,800",20.0,0,0,0,0,0,0,1,0,0.0,0.0,0.1,0.1,1,3,0,0.00,0.00,0.00,0.00,0.00,0.00,0.00,0.00,0.00,0.00
181,,,,,,,,,,,,,,,,,,,,,,,,,,,,,,,,,,,
182,Jannis Heuer,GER,DF,Paderborn 07,24,1999,18,7,791,8.8,1,0,1,1,0,0,4,0,1.4,1.4,0.1,1.5,0,34,3,0.11,0.00,0.11,0.11,0.11,0.16,0.01,0.17,0.16,0.17
183,Robin Heußer,GER,MF,Wehen,25,1998,34,34,"2,994",33.3,1,6,7,1,0,0,2,0,3.5,3.5,8.6,12.1,54,160,73,0.03,0.18,0.21,0.03,0.21,0.11,0.26,0.36,0.11,0.36
184,Moritz Heyer,GER,DF,Hamburger SV,28,1995,17,5,649,7.2,1,0,1,1,0,0,8,1,0.4,0.4,0.6,1.0,22,55,23,0.14,0.00,0.14,0.14,0.14,0.06,0.08,0.14,0.06,0.14
185,Robin Himmelmann,GER,GK,Kaiserslautern,34,1989,3,3,270,3.0,0,0,0,0,0,0,0,0,0.0,0.0,0.0,0.0,0,0,0,0.00,0.00,0.00,0.00,0.00,0.00,0.00,0.00,0.00,0.00
186,Lukas Hinterseer,AUT,"MF,DF",Hansa Rostock,32,1991,7,0,28,0.3,0,1,1,0,0,0,1,0,0.4,0.4,0.6,1.0,0,2,4,0.00,3.21,3.21,0.00,3.21,1.41,1.88,3.29,1.41,3.29
187,André Hoffmann,GER,DF,Düsseldorf,30,1993,14,11,935,10.4,1,0,1,1,0,0,2,0,0.7,0.7,0.1,0.8,9,51,2,0.10,0.00,0.10,0.10,0.10,0.06,0.01,0.08,0.06,0.08
188,Ron-Thorben Hoffmann,GER,GK,Braunschweig,24,1999,33,33,"2,970",33.0,0,0,0,0,0,0,1,0,0.0,0.0,0.0,0.0,0,4,0,0.00,0.00,0.00,0.00,0.00,0.00,0.00,0.00,0.00,0.00
189,Tim Hoffmann,GER,DF,Hertha BSC,18,2005,1,0,24,0.3,0,0,0,0,0,0,0,0,0.0,0.0,0.0,0.0,0,0,0,0.00,0.00,0.00,0.00,0.00,0.00,0.00,0.00,0.00,0.00
190,Marcel Hoffmeier,GER,DF,Paderborn 07,24,1999,32,29,"2,619",29.1,0,1,1,0,0,0,3,0,0.4,0.4,1.3,1.7,72,120,38,0.00,0.03,0.03,0.00,0.03,0.01,0.04,0.06,0.01,0.06
191,Jannik Hofmann,GER,"FW,MF",Nürnberg,21,2002,5,2,281,3.1,0,1,1,0,0,0,1,0,0.1,0.1,0.6,0.6,11,5,20,0.00,0.32,0.32,0.00,0.32,0.02,0.18,0.20,0.02,0.20
192,Lewis Holtby,GER,MF,Holstein Kiel,32,1990,31,25,"2,255",25.1,5,7,12,5,0,0,9,1,3.3,3.3,4.8,8.1,21,133,95,0.20,0.28,0.48,0.20,0.48,0.13,0.19,0.33,0.13,0.33
193,Jannes Horn,GER,DF,Nürnberg,26,1997,27,24,"2,180",24.2,0,1,1,0,0,0,9,0,0.6,0.6,0.6,1.2,20,88,6,0.00,0.04,0.04,0.00,0.04,0.03,0.03,0.05,0.03,0.05
194,Andi Hoti,KVX,DF,Magdeburg,20,2003,19,7,801,8.9,0,0,0,0,0,0,0,0,0.1,0.1,0.1,0.2,3,31,8,0.00,0.00,0.00,0.00,0.00,0.01,0.01,0.03,0.01,0.03
195,Branimir Hrgota,SWE,"MF,FW",Greuther Fürth,30,1993,33,33,"2,908",32.3,11,5,16,11,0,3,5,0,8.9,6.6,6.4,13.0,78,166,203,0.34,0.15,0.50,0.34,0.50,0.28,0.20,0.48,0.20,0.40
196,Florian Hübner,GER,DF,Nürnberg,32,1991,11,5,567,6.3,0,0,0,0,0,0,0,0,0.4,0.4,0.1,0.5,2,18,2,0.00,0.00,0.00,0.00,0.00,0.06,0.02,0.09,0.06,0.09
197,Jean Hugonet,FRA,"MF,DF",Magdeburg,23,1999,14,12,933,10.4,1,0,1,1,0,0,5,1,0.9,0.9,0.4,1.2,3,41,5,0.10,0.00,0.10,0.10,0.10,0.08,0.03,0.12,0.08,0.12
198,Joseph Hungbo,ENG,"FW,MF",Nürnberg,23,2000,17,4,416,4.6,0,0,0,0,0,0,5,1,0.5,0.5,1.2,1.6,29,13,47,0.00,0.00,0.00,0.00,0.00,0.10,0.25,0.35,0.10,0.35
199,Oliver Hüsing,GER,DF,Hansa Rostock,30,1993,15,10,880,9.8,0,1,1,0,0,0,4,1,1.2,1.2,0.2,1.4,0,19,8,0.00,0.10,0.10,0.00,0.10,0.12,0.02,0.14,0.12,0.14
200,Bilal Hussein,SWE,MF,Hertha BSC,23,2000,17,2,478,5.3,1,1,2,1,0,0,1,0,0.5,0.5,0.7,1.2,7,24,13,0.19,0.19,0.38,0.19,0.38,0.09,0.14,0.23,0.09,0.23
201,Jannik Huth,GER,GK,Paderborn 07,29,1994,14,14,"1,260",14.0,0,0,0,0,0,0,0,0,0.0,0.0,0.7,0.7,0,3,0,0.00,0.00,0.00,0.00,0.00,0.00,0.05,0.05,0.00,0.05
202,Lee Hyunju,KOR,"MF,FW",Wehen,20,2003,28,20,"1,524",16.9,4,0,4,4,0,0,3,2,3.5,3.5,0.8,4.3,32,64,79,0.24,0.00,0.24,0.24,0.24,0.21,0.05,0.25,0.21,0.25
203,Blendi Idrizi,KVX,"MF,FW",Schalke 04,25,1998,16,7,647,7.2,1,2,3,1,0,0,2,0,0.5,0.5,0.8,1.3,8,26,36,0.14,0.28,0.42,0.14,0.42,0.07,0.12,0.18,0.07,0.18
204,Luc Ihorst,GER,FW,Braunschweig,23,2000,7,1,161,1.8,0,0,0,0,0,0,0,0,0.0,0.0,0.1,0.1,5,2,10,0.00,0.00,0.00,0.00,0.00,0.01,0.03,0.04,0.01,0.04
205,Svante Ingelsson,SWE,"MF,FW",Hansa Rostock,25,1998,30,28,"2,319",25.8,1,4,5,1,0,0,9,0,3.9,3.9,4.6,8.5,59,78,191,0.04,0.16,0.19,0.04,0.19,0.15,0.18,0.33,0.15,0.33
206,John Iredale,AUS,"FW,MF",Wehen,23,1999,23,6,734,8.2,3,1,4,2,1,1,0,0,3.3,2.5,1.1,3.6,21,20,72,0.37,0.12,0.49,0.25,0.37,0.40,0.14,0.54,0.31,0.44
207,,,,,,,,,,,,,,,,,,,,,,,,,,,,,,,,,,,
208,Jackson Irvine,AUS,MF,St. Pauli,30,1993,27,26,"2,360",26.2,6,9,15,6,0,0,8,0,5.6,5.6,5.6,11.2,26,151,104,0.23,0.34,0.57,0.23,0.57,0.21,0.22,0.43,0.21,0.43
209,Tatsuya Ito,JPN,"FW,MF",Magdeburg,26,1997,31,5,872,9.7,2,2,4,2,0,0,2,0,2.1,2.1,1.8,3.9,75,34,170,0.21,0.21,0.41,0.21,0.41,0.22,0.18,0.40,0.22,0.40
210,Gian-Luca Itter,GER,DF,Greuther Fürth,24,1999,15,15,"1,243",13.8,0,0,0,0,0,0,1,0,0.1,0.1,0.9,1.0,18,76,24,0.00,0.00,0.00,0.00,0.00,0.01,0.06,0.07,0.01,0.07
211,Robert Ivanov,FIN,DF,Braunschweig,28,1994,27,26,"2,150",23.9,1,1,2,1,0,0,6,0,1.6,1.6,0.7,2.3,25,79,11,0.04,0.04,0.08,0.04,0.08,0.07,0.03,0.09,0.07,0.09
212,Marko Ivezić,SRB,"DF,MF",Holstein Kiel,21,2001,29,22,"1,900",21.1,1,0,1,1,0,0,4,0,1.1,1.1,0.4,1.5,12,65,16,0.05,0.00,0.05,0.05,0.05,0.05,0.02,0.07,0.05,0.07
213,Emmanuel Iyoha,GER,"DF,FW",Düsseldorf,25,1997,24,22,"1,885",20.9,1,1,2,1,0,0,5,0,1.2,1.2,0.7,1.9,101,70,96,0.05,0.05,0.10,0.05,0.10,0.06,0.03,0.09,0.06,0.09
214,Bjarke Jacobsen,DEN,MF,Wehen,29,1993,24,13,"1,303",14.5,0,1,1,0,0,0,1,1,0.2,0.2,1.0,1.1,6,42,12,0.00,0.07,0.07,0.00,0.07,0.01,0.07,0.08,0.01,0.08
215,Thore Jacobsen,GER,MF,Elversberg,26,1997,30,17,"1,625",18.1,3,2,5,1,2,2,6,0,1.8,0.2,1.6,1.8,15,71,18,0.17,0.11,0.28,0.06,0.17,0.10,0.09,0.19,0.01,0.10
216,Frederik Jäkel,GER,DF,Elversberg,22,2001,18,16,"1,364",15.2,1,1,2,1,0,0,0,1,0.5,0.5,0.2,0.7,5,38,5,0.07,0.07,0.13,0.07,0.13,0.03,0.01,0.05,0.03,0.05
217,Dennis Jastrzembski,POL,"FW,DF",Düsseldorf,23,2000,20,4,579,6.4,1,3,4,1,0,0,2,0,0.8,0.8,2.9,3.7,25,27,44,0.16,0.47,0.62,0.16,0.62,0.13,0.45,0.58,0.13,0.58
218,Bakery Jatta,GAM,"FW,MF",Hamburger SV,25,1998,32,25,"2,257",25.1,5,4,9,5,0,0,6,0,5.1,5.1,7.3,12.5,84,68,269,0.20,0.16,0.36,0.20,0.36,0.20,0.29,0.50,0.20,0.50
219,Finn Jeltsch,GER,DF,Nürnberg,17,2006,13,12,"1,125",12.5,0,0,0,0,0,0,3,0,0.1,0.1,0.0,0.2,17,30,1,0.00,0.00,0.00,0.00,0.00,0.01,0.00,0.01,0.01,0.01
220,Leon Jensen,GER,MF,Karlsruher,26,1997,26,17,"1,462",16.2,2,1,3,2,0,0,8,0,1.3,1.3,1.4,2.6,15,100,56,0.12,0.06,0.18,0.12,0.18,0.08,0.08,0.16,0.08,0.16
221,Nader El-Jindaoui,GER,FW,Hertha BSC,26,1996,1,0,30,0.3,0,0,0,0,0,0,0,0,0.0,0.0,0.1,0.1,1,0,3,0.00,0.00,0.00,0.00,0.00,0.00,0.17,0.17,0.00,0.17
222,Þórir Jóhann Helgason,ISL,MF,Braunschweig,22,2000,27,21,"1,661",18.5,3,4,7,3,0,0,2,0,2.9,2.9,1.6,4.5,19,75,46,0.16,0.22,0.38,0.16,0.38,0.16,0.09,0.24,0.16,0.24
223,Ísak Jóhannesson,ISL,MF,Düsseldorf,20,2003,29,24,"2,123",23.6,4,5,9,4,0,0,5,0,3.0,3.0,3.6,6.6,30,129,95,0.17,0.21,0.38,0.17,0.38,0.13,0.15,0.28,0.13,0.28
224,Carl Johansson,SWE,DF,Holstein Kiel,29,1994,12,7,713,7.9,0,0,0,0,0,0,3,1,0.5,0.5,0.0,0.5,2,30,0,0.00,0.00,0.00,0.00,0.00,0.06,0.00,0.06,0.06,0.06
225,Antonio Jonjić,GER,"FW,MF",Wehen,23,1999,11,1,284,3.2,0,0,0,0,0,0,1,0,0.1,0.1,0.0,0.1,10,9,19,0.00,0.00,0.00,0.00,0.00,0.03,0.00,0.03,0.03,0.03
226,Gideon Jung,GER,DF,Greuther Fürth,28,1994,28,27,"2,311",25.7,1,1,2,1,0,0,9,0,1.5,1.5,0.6,2.0,17,110,10,0.04,0.04,0.08,0.04,0.08,0.06,0.02,0.08,0.06,0.08
227,Sebastian Jung,GER,DF,Karlsruher,33,1990,30,29,"2,393",26.6,0,7,7,0,0,0,3,0,0.3,0.3,4.5,4.8,39,137,135,0.00,0.26,0.26,0.00,0.26,0.01,0.17,0.18,0.01,0.18
228,Yusuf Kabadayı,GER,"MF,FW",Schalke 04,19,2004,23,11,"1,148",12.8,4,0,4,4,0,0,5,0,3.0,3.0,1.0,4.0,35,22,78,0.31,0.00,0.31,0.31,0.31,0.24,0.08,0.31,0.24,0.31
229,Julius Kade,GER,MF,Wehen,24,1999,8,4,261,2.9,0,0,0,0,0,0,0,0,0.2,0.2,0.6,0.8,6,7,9,0.00,0.00,0.00,0.00,0.00,0.06,0.20,0.27,0.06,0.27
230,Tomáš Kalas,CZE,DF,Schalke 04,30,1993,25,24,"2,108",23.4,1,0,1,1,0,0,1,0,0.9,0.9,0.3,1.2,9,57,5,0.04,0.00,0.04,0.04,0.04,0.04,0.01,0.05,0.04,0.05
231,Filip Kaloč,CZE,MF,Kaiserslautern,23,2000,16,16,"1,348",15.0,2,0,2,2,0,0,5,0,0.8,0.8,0.5,1.3,16,52,16,0.13,0.00,0.13,0.13,0.13,0.05,0.04,0.09,0.05,0.09
232,Marcin Kamiński,POL,DF,Schalke 04,31,1992,30,29,"2,646",29.4,2,0,2,2,0,0,5,0,0.9,0.9,0.3,1.3,25,117,10,0.07,0.00,0.07,0.07,0.07,0.03,0.01,0.04,0.03,0.04
233,,,,,,,,,,,,,,,,,,,,,,,,,,,,,,,,,,,
234,Julian Kania,ESP,FW,Nürnberg,21,2001,4,0,57,0.6,0,0,0,0,0,0,0,0,0.2,0.2,0.0,0.2,0,1,2,0.00,0.00,0.00,0.00,0.00,0.40,0.00,0.40,0.40,0.40
235,Jimmy Kaparos,GER,DF,Schalke 04,21,2001,1,0,12,0.1,0,0,0,0,0,0,0,0,0.1,0.1,0.0,0.1,0,0,1,0.00,0.00,0.00,0.00,0.00,0.62,0.00,0.62,0.62,0.62
236,Kenan Karaman,TUR,"MF,FW",Schalke 04,29,1994,29,28,"2,344",26.0,13,8,21,11,2,3,5,1,11.4,9.0,5.2,14.2,55,71,186,0.50,0.31,0.81,0.42,0.73,0.44,0.20,0.64,0.35,0.55
237,Michał Karbownik,POL,DF,Hertha BSC,22,2001,24,23,"2,040",22.7,0,2,2,0,0,0,2,0,0.6,0.6,0.9,1.5,72,96,49,0.00,0.09,0.09,0.00,0.09,0.02,0.04,0.06,0.02,0.06
238,Florian Kastenmeier,GER,GK,Düsseldorf,26,1997,33,33,"2,970",33.0,0,0,0,0,0,0,2,0,0.0,0.0,0.0,0.0,1,6,0,0.00,0.00,0.00,0.00,0.00,0.00,0.00,0.00,0.00,0.00
239,Noah Katterbach,GER,DF,Hamburger SV,22,2001,6,3,222,2.5,0,0,0,0,0,0,1,0,0.1,0.1,0.0,0.1,7,16,16,0.00,0.00,0.00,0.00,0.00,0.04,0.00,0.04,0.04,0.04
240,Fabio Kaufmann,GER,"MF,FW",Braunschweig,30,1992,32,29,"2,224",24.7,6,1,7,6,0,0,8,0,3.4,3.4,4.5,7.9,42,69,161,0.24,0.04,0.28,0.24,0.28,0.14,0.18,0.32,0.14,0.32
241,Lars Kehl,GER,"MF,FW",Osnabrück,21,2002,10,2,277,3.1,1,0,1,0,1,1,0,0,1.0,0.2,0.5,0.7,2,12,13,0.32,0.00,0.32,0.00,0.00,0.32,0.17,0.49,0.07,0.23
242,Aljoscha Kemlein,GER,MF,St. Pauli,18,2004,17,12,987,11.0,0,2,2,0,0,0,2,0,2.1,2.1,1.2,3.3,13,42,40,0.00,0.18,0.18,0.00,0.18,0.19,0.11,0.30,0.19,0.30
243,Marc-Oliver Kempf,GER,DF,Hertha BSC,28,1995,23,22,"1,832",20.4,4,0,4,4,0,0,3,1,1.6,1.6,1.3,2.9,13,80,2,0.20,0.00,0.20,0.20,0.20,0.08,0.07,0.14,0.08,0.14
244,Jonjoe Kenny,ENG,DF,Hertha BSC,26,1997,29,28,"2,533",28.1,3,5,8,3,0,0,7,0,1.2,1.2,2.3,3.6,38,135,70,0.11,0.18,0.28,0.11,0.28,0.04,0.08,0.13,0.04,0.13
245,Niko Kijewski,GER,DF,Braunschweig,27,1996,4,2,191,2.1,0,0,0,0,0,0,0,0,0.0,0.0,0.4,0.4,2,6,3,0.00,0.00,0.00,0.00,0.00,0.00,0.17,0.17,0.00,0.17
246,Christian Kinsombi,GER,MF,Hansa Rostock,23,1999,19,10,890,9.9,1,0,1,1,0,1,2,0,1.3,0.5,0.3,0.8,19,37,44,0.10,0.00,0.10,0.10,0.10,0.13,0.03,0.16,0.05,0.08
247,David Kinsombi,COD,"MF,DF",Paderborn 07,27,1995,30,20,"1,791",19.9,3,1,4,1,2,2,3,0,3.5,2.0,1.0,3.0,8,61,43,0.15,0.05,0.20,0.05,0.10,0.18,0.05,0.23,0.10,0.15
248,Orestis Kiomourtzoglou,GER,"MF,DF",Greuther Fürth,25,1998,7,3,286,3.2,0,0,0,0,0,0,2,0,0.1,0.1,0.0,0.2,2,11,3,0.00,0.00,0.00,0.00,0.00,0.05,0.01,0.05,0.05,0.05
249,Mikkel Kirkeskov,DEN,"DF,FW",Holstein Kiel,31,1991,6,0,75,0.8,0,0,0,0,0,0,0,0,0.0,0.0,0.3,0.3,0,0,1,0.00,0.00,0.00,0.00,0.00,0.00,0.37,0.37,0.00,0.37
250,Sebastian Klaas,GER,"MF,FW",Paderborn 07,25,1998,32,23,"1,985",22.1,3,2,5,3,0,0,4,0,4.3,4.3,1.5,5.8,56,119,99,0.14,0.09,0.23,0.14,0.23,0.20,0.07,0.26,0.20,0.26
251,Carl Klaus,GER,GK,Nürnberg,29,1994,19,18,"1,640",18.2,0,0,0,0,0,0,1,0,0.0,0.0,0.0,0.0,0,0,0,0.00,0.00,0.00,0.00,0.00,0.00,0.00,0.00,0.00,0.00
252,Felix Klaus,GER,"FW,MF",Düsseldorf,30,1992,30,27,"2,095",23.3,6,2,8,6,0,0,6,0,6.0,6.0,2.4,8.4,38,42,181,0.26,0.09,0.34,0.26,0.34,0.26,0.10,0.36,0.26,0.36
253,Kai Klefisch,GER,MF,Paderborn 07,23,1999,29,24,"1,953",21.7,1,1,2,1,0,0,7,1,1.0,1.0,1.6,2.7,17,119,21,0.05,0.05,0.09,0.05,0.09,0.05,0.08,0.12,0.05,0.12
254,Colin Kleine-Bekel,GER,DF,Holstein Kiel,20,2003,24,24,"2,118",23.5,0,0,0,0,0,0,2,0,0.7,0.7,0.1,0.8,10,88,14,0.00,0.00,0.00,0.00,0.00,0.03,0.00,0.03,0.03,0.03
255,Florian Kleinhansl,GER,DF,Osnabrück,22,2000,33,33,"2,938",32.6,1,3,4,1,0,0,7,0,1.1,1.1,2.8,3.9,55,159,79,0.03,0.09,0.12,0.03,0.12,0.03,0.09,0.12,0.03,0.12
256,Pascal Klemens,GER,"MF,DF",Hertha BSC,18,2005,22,20,"1,562",17.4,1,0,1,1,0,0,4,0,1.1,1.1,0.6,1.7,9,45,19,0.06,0.00,0.06,0.06,0.06,0.06,0.03,0.10,0.06,0.10
257,Philipp Klement,GER,MF,Kaiserslautern,30,1992,12,2,285,3.2,0,1,1,0,0,0,0,0,0.2,0.2,0.7,0.9,3,21,14,0.00,0.32,0.32,0.00,0.32,0.06,0.22,0.28,0.06,0.28
258,Christoph Kobald,AUT,DF,Karlsruher,25,1997,11,5,521,5.8,1,0,1,1,0,0,0,0,0.7,0.7,0.0,0.7,2,14,1,0.17,0.00,0.17,0.17,0.17,0.12,0.00,0.12,0.12,0.12
259,,,,,,,,,,,,,,,,,,,,,,,,,,,,,,,,,,,
260,Koffi,CIV,"FW,MF",Elversberg,37,1986,10,1,126,1.4,1,0,1,1,0,0,3,0,1.1,1.1,0.1,1.2,1,5,5,0.71,0.00,0.71,0.71,0.71,0.82,0.05,0.87,0.82,0.87
261,Derrick Köhn,GER,"DF,MF",Hannover 96,24,1999,20,20,"1,751",19.5,3,5,8,3,0,0,3,0,2.1,2.1,2.7,4.8,57,36,139,0.15,0.26,0.41,0.15,0.41,0.11,0.14,0.25,0.11,0.25
262,Markus Kolke,GER,GK,Hansa Rostock,32,1990,33,33,"2,942",32.7,0,0,0,0,0,0,3,1,0.1,0.1,0.2,0.3,0,1,1,0.00,0.00,0.00,0.00,0.00,0.00,0.01,0.01,0.00,0.01
263,Marco Komenda,CRO,DF,Holstein Kiel,26,1996,21,13,"1,186",13.2,0,0,0,0,0,0,1,0,0.5,0.5,0.5,1.0,12,61,14,0.00,0.00,0.00,0.00,0.00,0.04,0.04,0.08,0.04,0.08
264,Ransford Königsdörffer,GHA,"FW,MF",Hamburger SV,21,2001,30,16,"1,479",16.4,2,4,6,2,0,0,3,0,4.9,4.9,3.2,8.1,60,38,151,0.12,0.24,0.37,0.12,0.37,0.30,0.20,0.49,0.30,0.49
265,Nils-Jonathan Körber,GER,GK,Hansa Rostock,26,1996,2,1,115,1.3,0,0,0,0,0,0,0,0,0.0,0.0,0.0,0.0,0,0,0,0.00,0.00,0.00,0.00,0.00,0.00,0.00,0.00,0.00,0.00
266,Koen Kostons,NED,"FW,MF",Paderborn 07,23,1999,17,16,"1,212",13.5,4,1,5,4,0,0,2,0,2.6,2.4,1.9,4.4,13,34,86,0.30,0.07,0.37,0.30,0.37,0.20,0.14,0.34,0.18,0.32
267,Franko Kovačević,CRO,"FW,MF",Wehen,23,1999,23,12,"1,053",11.7,4,0,4,4,0,0,1,0,3.6,3.6,0.8,4.4,18,19,80,0.34,0.00,0.34,0.34,0.34,0.31,0.07,0.38,0.31,0.38
268,Soichiro Kozuki,JPN,"FW,MF",Schalke 04,22,2000,5,1,182,2.0,0,0,0,0,0,0,0,0,0.6,0.6,0.0,0.6,8,2,23,0.00,0.00,0.00,0.00,0.00,0.28,0.02,0.30,0.28,0.30
269,Julian Krahl,GER,GK,Kaiserslautern,23,2000,30,29,"2,660",29.6,0,0,0,0,0,0,2,0,0.0,0.0,0.1,0.1,0,0,0,0.00,0.00,0.00,0.00,0.00,0.00,0.00,0.00,0.00,0.00
270,Elija Krahn,GER,MF,Hamburger SV,19,2003,3,0,3,0.0,0,0,0,0,0,0,0,0,0.0,0.0,0.0,0.0,0,0,0,0.00,0.00,0.00,0.00,0.00,0.00,0.00,0.00,0.00,0.00
271,Kevin Kraus,GER,DF,Kaiserslautern,30,1992,17,15,"1,304",14.5,2,0,2,1,1,2,2,0,2.6,1.0,0.1,1.1,2,26,2,0.14,0.00,0.14,0.07,0.07,0.18,0.01,0.19,0.07,0.07
272,Robin Krauße,GER,MF,Braunschweig,29,1994,29,26,"2,162",24.0,1,3,4,1,0,0,8,1,0.4,0.4,2.3,2.7,14,111,24,0.04,0.12,0.17,0.04,0.17,0.02,0.10,0.11,0.02,0.11
273,Connor Krempicki,GER,MF,Magdeburg,28,1994,21,7,"1,038",11.5,4,2,6,4,0,0,4,0,1.9,1.9,2.4,4.3,17,76,63,0.35,0.17,0.52,0.35,0.52,0.17,0.21,0.37,0.17,0.37
274,Nicolas Kristof,GER,GK,Elversberg,23,1999,33,33,"2,970",33.0,0,0,0,0,0,0,1,0,0.0,0.0,0.1,0.1,0,0,0,0.00,0.00,0.00,0.00,0.00,0.00,0.00,0.00,0.00,0.00
275,Florian Krüger,GER,FW,Braunschweig,24,1999,22,12,994,11.0,2,2,4,2,0,0,1,0,1.7,1.7,1.3,3.0,18,27,64,0.18,0.18,0.36,0.18,0.36,0.15,0.12,0.27,0.15,0.27
276,Max Kruse,GER,"FW,MF",Paderborn 07,35,1988,5,2,197,2.2,0,1,1,0,0,0,0,0,0.8,0.8,1.2,2.0,8,13,11,0.00,0.46,0.46,0.00,0.46,0.35,0.55,0.90,0.35,0.90
277,Emir Kuhinja,GER,"FW,MF",Magdeburg,21,2002,3,0,16,0.2,1,0,1,1,0,0,0,0,0.7,0.7,0.0,0.7,0,0,2,5.63,0.00,5.63,5.63,5.63,3.88,0.00,3.88,3.88,3.88
278,Philipp Kühn,GER,GK,Osnabrück,30,1992,19,19,"1,703",18.9,0,1,1,0,0,0,2,0,0.0,0.0,0.1,0.1,0,2,0,0.00,0.05,0.05,0.00,0.05,0.00,0.00,0.00,0.00,0.00
279,Fabian Kunze,GER,MF,Hannover 96,25,1998,32,30,"2,514",27.9,1,2,3,1,0,0,8,0,1.6,1.6,2.2,3.8,32,150,50,0.04,0.07,0.11,0.04,0.11,0.06,0.08,0.14,0.06,0.14
280,Lukas Kunze,GER,MF,Osnabrück,25,1998,23,16,"1,161",12.9,1,0,1,1,0,0,2,0,1.1,1.1,1.0,2.1,19,45,44,0.08,0.00,0.08,0.08,0.08,0.09,0.08,0.16,0.09,0.16
281,Hasan Kuruçay,,DF,Braunschweig,25,1997,27,24,"2,130",23.7,4,2,6,1,3,3,6,2,3.2,1.0,1.3,2.3,14,92,6,0.17,0.08,0.25,0.04,0.13,0.14,0.06,0.19,0.04,0.10
282,Robert Kwasigroch,GER,GK,Hertha BSC,19,2004,1,1,90,1.0,0,0,0,0,0,0,0,0,0.0,0.0,0.0,0.0,0,0,0,0.00,0.00,0.00,0.00,0.00,0.00,0.00,0.00,0.00,0.00
283,Jannis Lang,GER,"DF,MF",Hansa Rostock,21,2002,8,2,300,3.3,0,0,0,0,0,0,1,0,0.0,0.0,0.0,0.0,3,9,3,0.00,0.00,0.00,0.00,0.00,0.00,0.00,0.00,0.00,0.00
284,Michael Langer,AUT,GK,Schalke 04,38,1985,3,2,226,2.5,0,0,0,0,0,0,0,0,0.0,0.0,0.0,0.0,0,0,0,0.00,0.00,0.00,0.00,0.00,0.00,0.00,0.00,0.00,0.00
285,,,,,,,,,,,,,,,,,,,,,,,,,,,,,,,,,,,
286,Bryan Lasme,FRA,"FW,MF",Schalke 04,24,1998,27,13,"1,212",13.5,4,1,5,4,0,0,2,0,5.2,5.2,2.0,7.2,32,12,78,0.30,0.07,0.37,0.30,0.37,0.38,0.15,0.53,0.38,0.53
287,Danny Latza,GER,MF,Schalke 04,33,1989,11,2,277,3.1,1,0,1,1,0,0,1,0,0.4,0.4,0.2,0.6,2,17,17,0.32,0.00,0.32,0.32,0.32,0.12,0.06,0.18,0.12,0.18
288,James Lawrence,WAL,DF,Nürnberg,30,1992,3,2,87,1.0,0,0,0,0,0,0,0,0,0.0,0.0,0.0,0.0,2,3,0,0.00,0.00,0.00,0.00,0.00,0.00,0.00,0.00,0.00,0.00
289,Jamie Lawrence,GER,DF,Magdeburg,20,2002,11,4,474,5.3,0,0,0,0,0,0,2,0,0.0,0.0,0.1,0.1,6,32,2,0.00,0.00,0.00,0.00,0.00,0.01,0.01,0.02,0.01,0.02
290,Florian Le Joncour,FRA,DF,Elversberg,28,1995,14,13,"1,245",13.8,1,0,1,1,0,0,1,0,0.4,0.4,0.1,0.5,10,42,2,0.07,0.00,0.07,0.07,0.07,0.03,0.01,0.03,0.03,0.03
291,Robert Leipertz,GER,"DF,FW",Paderborn 07,30,1993,27,6,631,7.0,1,4,5,1,0,0,0,0,1.1,1.1,2.0,3.1,16,17,44,0.14,0.57,0.71,0.14,0.71,0.16,0.28,0.44,0.16,0.44
292,Toni Leistner,GER,DF,Hertha BSC,32,1990,24,23,"2,014",22.4,0,0,0,0,0,0,7,1,0.4,0.4,0.9,1.3,8,65,2,0.00,0.00,0.00,0.00,0.00,0.02,0.04,0.06,0.02,0.06
293,Tim Lemperle,GER,"FW,DF",Greuther Fürth,21,2002,32,30,"2,358",26.2,6,5,11,6,0,1,2,0,8.2,7.4,3.7,11.1,73,76,219,0.23,0.19,0.42,0.23,0.42,0.31,0.14,0.46,0.28,0.43
294,Enzo Leopold,GER,MF,Hannover 96,23,2000,32,30,"2,547",28.3,3,4,7,3,0,0,3,0,1.3,1.3,6.0,7.2,29,152,82,0.11,0.14,0.25,0.11,0.25,0.04,0.21,0.26,0.04,0.26
295,Andreas Linde,SWE,GK,Greuther Fürth,30,1993,1,1,90,1.0,0,0,0,0,0,0,0,0,0.0,0.0,0.0,0.0,0,0,0,0.00,0.00,0.00,0.00,0.00,0.00,0.00,0.00,0.00,0.00
296,Lex Lobinger,GER,FW,Osnabrück,24,1999,14,1,268,3.0,0,0,0,0,0,0,0,0,0.7,0.7,0.0,0.7,5,4,13,0.00,0.00,0.00,0.00,0.00,0.24,0.00,0.24,0.24,0.24
297,Lex Lobinger,GER,"FW,MF",Kaiserslautern,24,1999,6,1,105,1.2,0,0,0,0,0,0,0,0,0.2,0.1,0.0,0.1,0,2,5,0.00,0.00,0.00,0.00,0.00,0.15,0.00,0.15,0.10,0.10
298,Felix Lohkemper,GER,FW,Nürnberg,28,1995,15,4,542,6.0,2,1,3,2,0,0,0,0,2.2,2.2,1.3,3.5,9,11,36,0.33,0.17,0.50,0.33,0.50,0.36,0.21,0.57,0.36,0.57
299,Ali Loune,MAR,"MF,FW",Nürnberg,21,2002,6,4,360,4.0,0,0,0,0,0,0,1,0,0.0,0.0,0.0,0.1,0,11,4,0.00,0.00,0.00,0.00,0.00,0.01,0.00,0.02,0.01,0.02
300,Jan Luca Schuler,GER,FW,Magdeburg,24,1999,28,24,"1,774",19.7,6,2,8,6,0,0,4,1,8.2,8.2,0.9,9.1,18,13,91,0.30,0.10,0.41,0.30,0.41,0.42,0.05,0.46,0.42,0.46
301,Anderson Lucoqui,ANG,DF,Hertha BSC,26,1997,1,0,45,0.5,0,0,0,0,0,0,0,0,0.0,0.0,0.0,0.0,1,5,2,0.00,0.00,0.00,0.00,0.00,0.00,0.00,0.00,0.00,0.00
302,Anderson Lucoqui,ANG,"DF,FW",Braunschweig,26,1997,10,3,382,4.2,0,0,0,0,0,0,2,0,0.5,0.5,0.5,1.0,16,13,20,0.00,0.00,0.00,0.00,0.00,0.12,0.13,0.24,0.12,0.24
303,Yannik Lührs,GER,DF,Hannover 96,19,2003,6,2,186,2.1,0,0,0,0,0,0,1,0,0.4,0.4,0.0,0.4,0,4,1,0.00,0.00,0.00,0.00,0.00,0.20,0.00,0.20,0.20,0.20
304,Andreas Luthe,GER,GK,Kaiserslautern,36,1987,2,2,128,1.4,0,0,0,0,0,0,0,1,0.0,0.0,0.0,0.0,0,0,0,0.00,0.00,0.00,0.00,0.00,0.00,0.00,0.00,0.00,0.00
305,Shuto Machino,JPN,FW,Holstein Kiel,23,1999,31,25,"2,063",22.9,5,4,9,4,1,1,3,0,5.9,5.1,3.6,8.6,35,74,131,0.22,0.17,0.39,0.17,0.35,0.26,0.16,0.41,0.22,0.38
306,Haralambos Makridis,GRE,"FW,MF",Osnabrück,27,1996,24,9,"1,116",12.4,2,0,2,2,0,0,0,0,1.5,1.5,0.4,1.9,26,23,53,0.16,0.00,0.16,0.16,0.16,0.12,0.03,0.15,0.12,0.15
307,King Manu,GER,"DF,MF",Düsseldorf,19,2003,5,0,22,0.2,0,0,0,0,0,0,0,0,0.0,0.0,0.0,0.0,1,1,0,0.00,0.00,0.00,0.00,0.00,0.00,0.00,0.00,0.00,0.00
308,Stefano Marino,GER,"FW,DF",Karlsruher,19,2004,2,0,10,0.1,0,0,0,0,0,0,0,0,0.0,0.0,0.1,0.1,1,1,1,0.00,0.00,0.00,0.00,0.00,0.00,0.73,0.73,0.00,0.73
309,Iván Márquez,ESP,DF,Nürnberg,29,1994,21,15,"1,295",14.4,2,0,2,2,0,0,7,1,0.7,0.7,0.3,1.0,2,29,0,0.14,0.00,0.14,0.14,0.14,0.05,0.02,0.07,0.05,0.07
310,Dominik Martinović,GER,"FW,MF",Elversberg,26,1997,20,2,472,5.2,1,2,3,1,0,0,2,0,2.6,2.6,1.8,4.4,16,15,47,0.19,0.38,0.57,0.19,0.57,0.49,0.35,0.83,0.49,0.83
311,,,,,,,,,,,,,,,,,,,,,,,,,,,,,,,,,,,
312,Jan-Hendrik Marx,GER,"DF,FW",Braunschweig,28,1995,7,6,349,3.9,0,0,0,0,0,0,2,0,0.0,0.0,0.8,0.8,2,15,22,0.00,0.00,0.00,0.00,0.00,0.01,0.20,0.21,0.01,0.21
313,Igor Matanovic,CRO,FW,Karlsruher,20,2003,32,27,"2,319",25.8,14,6,20,14,0,0,1,0,11.1,11.1,3.8,14.9,19,37,152,0.54,0.23,0.78,0.54,0.78,0.43,0.15,0.58,0.43,0.58
314,Christian Mathenia,GER,GK,Nürnberg,31,1992,15,15,"1,327",14.7,0,0,0,0,0,0,3,1,0.0,0.0,0.0,0.0,0,0,0,0.00,0.00,0.00,0.00,0.00,0.00,0.00,0.00,0.00,0.00
315,Marcus Mathisen,DEN,DF,Wehen,27,1996,31,31,"2,736",30.4,0,0,0,0,0,0,8,0,0.8,0.8,0.6,1.4,6,117,10,0.00,0.00,0.00,0.00,0.00,0.03,0.02,0.05,0.03,0.05
316,Henning Matriciani,GER,DF,Schalke 04,23,2000,25,12,"1,253",13.9,0,0,0,0,0,0,2,0,0.5,0.5,0.1,0.7,23,52,43,0.00,0.00,0.00,0.00,0.00,0.04,0.01,0.05,0.04,0.05
317,Maurides,BRA,FW,St. Pauli,29,1994,7,0,59,0.7,0,0,0,0,0,0,0,0,0.1,0.1,0.2,0.2,1,2,5,0.00,0.00,0.00,0.00,0.00,0.09,0.27,0.36,0.09,0.36
318,Keke Maximilian Topp,GER,FW,Schalke 04,19,2004,25,11,"1,085",12.1,5,2,7,5,0,0,4,0,2.7,2.7,1.5,4.2,22,27,81,0.41,0.17,0.58,0.41,0.58,0.23,0.12,0.35,0.23,0.35
319,Ibrahim Maza,GER,MF,Hertha BSC,17,2005,13,6,593,6.6,1,2,3,1,0,0,1,0,1.0,1.0,2.4,3.3,21,29,35,0.15,0.30,0.46,0.15,0.46,0.15,0.36,0.51,0.15,0.51
320,Jakov Medić,CRO,DF,St. Pauli,24,1998,1,1,90,1.0,0,0,0,0,0,0,0,0,0.0,0.0,0.0,0.0,0,6,0,0.00,0.00,0.00,0.00,0.00,0.03,0.00,0.03,0.03,0.03
321,Joshua Mees,GER,"FW,MF",Holstein Kiel,27,1996,13,3,442,4.9,1,1,2,1,0,0,2,0,1.7,1.7,0.5,2.2,18,14,46,0.20,0.20,0.41,0.20,0.41,0.34,0.10,0.45,0.34,0.45
322,Jonas Meffert,GER,MF,Hamburger SV,28,1994,32,32,"2,816",31.3,2,2,4,2,0,0,10,0,1.3,1.3,1.9,3.2,25,178,37,0.06,0.06,0.13,0.06,0.13,0.04,0.06,0.10,0.04,0.10
323,Omar Megeed,GER,FW,Hamburger SV,17,2005,1,0,1,0.0,0,0,0,0,0,0,0,0,0.0,0.0,0.0,0.0,0,0,0,0.00,0.00,0.00,0.00,0.00,0.00,0.00,0.00,0.00,0.00
324,Connor Metcalfe,AUS,"FW,MF",St. Pauli,23,1999,30,21,"1,848",20.5,3,5,8,3,0,0,6,0,3.3,3.3,2.7,5.9,46,94,178,0.15,0.24,0.39,0.15,0.39,0.16,0.13,0.29,0.16,0.29
325,Karol Mets,EST,DF,St. Pauli,30,1993,32,32,"2,862",31.8,0,0,0,0,0,0,1,1,0.5,0.5,1.1,1.5,24,186,6,0.00,0.00,0.00,0.00,0.00,0.02,0.03,0.05,0.02,0.05
326,Marco Meyerhöfer,GER,DF,Greuther Fürth,27,1995,21,11,"1,141",12.7,0,0,0,0,0,0,2,0,0.6,0.6,0.6,1.2,25,59,49,0.00,0.00,0.00,0.00,0.00,0.05,0.05,0.10,0.05,0.10
327,Oualid Mhamdi,MAR,DF,Greuther Fürth,20,2003,10,1,245,2.7,0,0,0,0,0,0,1,0,0.1,0.1,0.0,0.1,5,19,12,0.00,0.00,0.00,0.00,0.00,0.03,0.02,0.04,0.03,0.04
328,Damian Michalski,POL,DF,Greuther Fürth,25,1998,29,22,"2,057",22.9,3,1,4,3,0,0,4,0,1.4,1.3,0.7,2.0,5,63,5,0.13,0.04,0.18,0.13,0.18,0.06,0.03,0.09,0.06,0.09
329,William Mikelbrencis,FRA,DF,Hamburger SV,19,2004,6,4,391,4.3,0,0,0,0,0,0,3,0,0.1,0.1,0.6,0.7,21,34,25,0.00,0.00,0.00,0.00,0.00,0.02,0.14,0.16,0.02,0.16
330,Sascha Mockenhaupt,GER,DF,Wehen,31,1991,32,21,"1,928",21.4,0,0,0,0,0,0,3,0,0.4,0.4,0.9,1.2,35,80,80,0.00,0.00,0.00,0.00,0.00,0.02,0.04,0.06,0.02,0.06
331,Tobias Mohr,GER,"MF,DF",Schalke 04,27,1995,19,10,"1,044",11.6,1,1,2,1,0,0,2,0,1.4,1.4,1.9,3.4,24,55,56,0.09,0.09,0.17,0.09,0.17,0.12,0.17,0.29,0.12,0.29
332,Monju Momuluh,GER,DF,Hannover 96,21,2002,1,0,20,0.2,0,0,0,0,0,0,0,0,0.0,0.0,0.0,0.0,2,0,1,0.00,0.00,0.00,0.00,0.00,0.00,0.00,0.00,0.00,0.00
333,Miro Muheim,SUI,DF,Hamburger SV,25,1998,28,26,"2,207",24.5,5,5,10,5,0,0,7,1,1.2,1.2,4.4,5.6,89,222,100,0.20,0.20,0.41,0.20,0.41,0.05,0.18,0.23,0.05,0.23
334,Joey Müller,GER,DF,Schalke 04,22,2000,1,0,46,0.5,0,0,0,0,0,0,0,0,0.0,0.0,0.0,0.0,1,2,1,0.00,0.00,0.00,0.00,0.00,0.02,0.02,0.04,0.02,0.04
335,Marius Müller,GER,GK,Schalke 04,30,1993,21,21,"1,844",20.5,0,0,0,0,0,0,1,0,0.0,0.0,0.1,0.1,0,3,0,0.00,0.00,0.00,0.00,0.00,0.00,0.00,0.00,0.00,0.00
336,Philipp Müller,GER,MF,Greuther Fürth,19,2004,6,2,191,2.1,0,0,0,0,0,0,1,0,0.0,0.0,0.0,0.0,3,11,3,0.00,0.00,0.00,0.00,0.00,0.02,0.01,0.02,0.02,0.02
337,,,,,,,,,,,,,,,,,,,,,,,,,,,,,,,,,,,
338,Tobias Müller,GER,DF,Paderborn 07,29,1994,10,7,667,7.4,0,0,0,0,0,0,1,0,0.3,0.3,0.6,0.9,2,10,1,0.00,0.00,0.00,0.00,0.00,0.04,0.08,0.12,0.04,0.12
339,Tobias Müller,GER,DF,Magdeburg,29,1994,15,15,"1,268",14.1,1,0,1,1,0,0,5,0,0.7,0.7,0.2,0.9,17,61,4,0.07,0.00,0.07,0.07,0.07,0.05,0.01,0.06,0.05,0.06
340,Maurice Multhaup,GER,"FW,DF",Braunschweig,26,1996,8,3,320,3.6,0,1,1,0,0,0,0,0,1.0,1.0,0.6,1.6,7,4,30,0.00,0.28,0.28,0.00,0.28,0.29,0.17,0.46,0.29,0.46
341,Derry Murkin,ENG,"DF,FW",Schalke 04,24,1999,23,21,"1,838",20.4,1,6,7,1,0,0,8,1,0.5,0.5,2.8,3.3,33,83,83,0.05,0.29,0.34,0.05,0.34,0.03,0.14,0.16,0.03,0.16
342,Sei Muroya,JPN,DF,Hannover 96,29,1994,25,15,"1,529",17.0,2,3,5,2,0,0,3,0,1.5,1.5,3.5,5.0,47,69,102,0.12,0.18,0.29,0.12,0.29,0.09,0.20,0.29,0.09,0.29
343,Florent Muslija,KVX,"MF,DF",Paderborn 07,25,1998,16,15,"1,253",13.9,7,4,11,6,1,1,3,0,3.4,2.6,4.7,7.3,60,74,84,0.50,0.29,0.79,0.43,0.72,0.25,0.34,0.58,0.19,0.53
344,Visar Musliu,MKD,DF,Paderborn 07,28,1994,26,23,"1,989",22.1,3,0,3,3,0,0,3,1,2.4,2.4,0.1,2.5,8,68,0,0.14,0.00,0.14,0.14,0.14,0.11,0.01,0.12,0.11,0.12
345,Marlon Mustapha,AUT,FW,Düsseldorf,22,2001,10,2,295,3.3,2,1,3,2,0,0,1,0,2.0,2.0,0.7,2.7,4,5,21,0.61,0.31,0.92,0.61,0.92,0.62,0.21,0.83,0.62,0.83
346,Mats Møller Dæhli,NOR,MF,Nürnberg,28,1995,8,4,393,4.4,0,1,1,0,0,0,2,0,0.1,0.1,0.8,0.9,9,19,23,0.00,0.23,0.23,0.00,0.23,0.02,0.18,0.20,0.02,0.20
347,Niclas Nadj,GER,"MF,FW",Paderborn 07,22,2000,7,2,226,2.5,1,1,2,1,0,0,0,0,0.8,0.8,0.2,1.0,1,12,20,0.40,0.40,0.80,0.40,0.80,0.31,0.08,0.39,0.31,0.39
348,Montell Ndikom,GER,FW,Hannover 96,18,2005,1,0,18,0.2,0,0,0,0,0,0,0,0,0.0,0.0,0.0,0.0,0,0,2,0.00,0.00,0.00,0.00,0.00,0.00,0.00,0.00,0.00,0.00
349,Paul Nebel,GER,MF,Karlsruher,20,2002,33,33,"2,770",30.8,5,9,14,5,0,0,6,0,5.1,5.1,8.6,13.7,69,132,193,0.16,0.29,0.45,0.16,0.45,0.17,0.28,0.44,0.17,0.44
350,Nico Neidhart,GER,"DF,MF",Hansa Rostock,28,1994,21,20,"1,658",18.4,2,0,2,2,0,0,4,0,1.9,1.9,1.2,3.1,31,97,53,0.11,0.00,0.11,0.11,0.11,0.10,0.07,0.17,0.10,0.17
351,András Németh,HUN,"FW,MF",Hamburger SV,20,2002,28,4,566,6.3,0,0,0,0,0,0,0,0,3.7,3.7,1.0,4.7,11,13,27,0.00,0.00,0.00,0.00,0.00,0.59,0.16,0.75,0.59,0.75
352,David Nemeth,AUT,DF,St. Pauli,22,2001,7,4,427,4.7,0,0,0,0,0,0,2,0,0.0,0.0,0.0,0.1,3,10,0,0.00,0.00,0.00,0.00,0.00,0.01,0.01,0.02,0.01,0.02
353,Maurice Neubauer,GER,DF,Elversberg,27,1996,30,30,"2,699",30.0,3,1,4,3,0,0,4,0,0.9,0.9,2.7,3.5,78,113,102,0.10,0.03,0.13,0.10,0.13,0.03,0.09,0.12,0.03,0.12
354,Phil Neumann,GER,DF,Hannover 96,26,1997,32,32,"2,879",32.0,2,2,4,2,0,0,6,0,1.2,1.2,1.3,2.5,68,139,28,0.06,0.06,0.13,0.06,0.13,0.04,0.04,0.08,0.04,0.08
355,Florian Niederlechner,GER,"MF,FW",Hertha BSC,32,1990,26,12,"1,028",11.4,7,0,7,7,0,0,6,2,3.9,3.9,1.5,5.3,6,34,43,0.61,0.00,0.61,0.61,0.61,0.34,0.13,0.47,0.34,0.47
356,Niklas Niehoff,GER,FW,Holstein Kiel,18,2004,4,0,55,0.6,1,0,1,1,0,0,0,0,0.2,0.2,0.0,0.2,3,1,7,1.64,0.00,1.64,1.64,1.64,0.39,0.00,0.39,0.39,0.39
357,Julian Niehues,GER,MF,Kaiserslautern,22,2001,26,21,"1,816",20.2,1,0,1,1,0,0,6,0,1.5,1.5,1.4,2.9,13,78,41,0.05,0.00,0.05,0.05,0.05,0.07,0.07,0.14,0.07,0.14
358,Håvard Nielsen,NOR,"FW,MF",Hannover 96,30,1993,27,21,"1,887",21.0,7,3,10,7,0,0,3,1,5.8,5.8,1.8,7.7,36,58,127,0.33,0.14,0.48,0.33,0.48,0.28,0.09,0.37,0.28,0.37
359,Noel Niemann,GER,"FW,MF",Osnabrück,23,1999,29,15,"1,312",14.6,0,0,0,0,0,0,2,0,2.2,2.2,0.4,2.6,55,38,105,0.00,0.00,0.00,0.00,0.00,0.15,0.03,0.18,0.15,0.18
360,Karol Niemczycki,POL,GK,Düsseldorf,24,1999,1,1,90,1.0,0,0,0,0,0,0,0,0,0.0,0.0,0.0,0.0,0,0,0,0.00,0.00,0.00,0.00,0.00,0.00,0.00,0.00,0.00,0.00
361,Jona Niemiec,GER,FW,Düsseldorf,21,2001,28,5,835,9.3,3,3,6,3,0,0,2,0,3.1,3.1,2.7,5.8,32,9,79,0.32,0.32,0.65,0.32,0.65,0.33,0.29,0.62,0.33,0.62
362,Jannis Nikolaou,GER,"MF,DF",Braunschweig,30,1993,23,15,"1,297",14.4,0,0,0,0,0,0,9,2,0.9,0.9,1.2,2.1,10,84,13,0.00,0.00,0.00,0.00,0.00,0.06,0.08,0.14,0.06,0.14
363,,,,,,,,,,,,,,,,,,,,,,,,,,,,,,,,,,,
364,Alexander Nollenberger,GER,"MF,FW",Magdeburg,26,1997,21,5,627,7.0,0,1,1,0,0,0,0,0,1.1,1.1,0.3,1.4,32,17,46,0.00,0.14,0.14,0.00,0.14,0.16,0.04,0.20,0.16,0.20
365,Tim Oberdorf,GER,DF,Düsseldorf,26,1996,22,14,"1,345",14.9,0,1,1,0,0,0,2,0,1.0,1.0,0.5,1.5,22,78,31,0.00,0.07,0.07,0.00,0.07,0.07,0.03,0.10,0.07,0.10
366,Raphael Obermair,PHI,"DF,MF",Paderborn 07,27,1996,32,30,"2,659",29.5,5,6,11,4,1,1,5,0,3.0,2.2,6.1,8.3,75,123,169,0.17,0.20,0.37,0.14,0.34,0.10,0.21,0.31,0.07,0.28
367,Masaya Okugawa,JPN,"FW,DF",Hamburger SV,27,1996,8,0,110,1.2,0,0,0,0,0,0,0,0,0.3,0.3,0.2,0.5,6,9,10,0.00,0.00,0.00,0.00,0.00,0.24,0.15,0.39,0.24,0.39
368,Kanji Okunuki,JPN,"FW,MF",Nürnberg,23,1999,30,24,"1,902",21.1,3,2,5,3,0,0,3,0,3.6,3.6,1.8,5.4,72,45,120,0.14,0.09,0.24,0.14,0.24,0.17,0.08,0.26,0.17,0.26
369,Kwasi Okyere Wriedt,GHA,FW,Osnabrück,29,1994,23,7,708,7.9,1,1,2,1,0,1,3,0,3.2,2.4,0.9,3.3,13,7,50,0.13,0.13,0.25,0.13,0.25,0.41,0.11,0.52,0.31,0.42
370,Nicolas Oliveira,GER,DF,Hamburger SV,19,2004,4,1,167,1.9,0,0,0,0,0,0,0,0,0.0,0.0,0.2,0.2,4,10,9,0.00,0.00,0.00,0.00,0.00,0.02,0.09,0.10,0.02,0.10
371,Aaron Opoku,GER,"FW,MF",Kaiserslautern,24,1999,23,5,890,9.9,3,1,4,3,0,0,1,0,1.7,1.7,4.2,5.9,34,43,109,0.30,0.10,0.40,0.30,0.40,0.17,0.43,0.60,0.17,0.60
372,Kolja Oudenne,SWE,MF,Hannover 96,21,2001,13,7,561,6.2,0,2,2,0,0,0,0,0,0.7,0.7,1.3,2.0,23,24,38,0.00,0.32,0.32,0.00,0.32,0.11,0.21,0.32,0.11,0.32
373,Assan Ouedraogo,GER,"MF,FW",Schalke 04,17,2006,17,9,826,9.2,3,1,4,3,0,0,2,0,1.8,1.8,0.1,1.9,21,30,35,0.33,0.11,0.44,0.33,0.44,0.20,0.01,0.21,0.20,0.21
374,Thomas Ouwejan,NED,"DF,MF",Schalke 04,26,1996,28,26,"2,048",22.8,2,6,8,2,0,0,3,0,2.5,2.5,6.3,8.8,30,83,77,0.09,0.26,0.35,0.09,0.35,0.11,0.28,0.39,0.11,0.39
375,Levin Öztunalı,GER,"FW,MF",Hamburger SV,27,1996,19,8,654,7.3,0,0,0,0,0,0,1,0,0.9,0.9,0.9,1.8,13,30,72,0.00,0.00,0.00,0.00,0.00,0.12,0.12,0.24,0.12,0.24
376,Eren Öztürk,,MF,Karlsruher,19,2004,2,0,4,0.0,0,0,0,0,0,0,0,0,0.0,0.0,0.0,0.0,0,0,0,0.00,0.00,0.00,0.00,0.00,0.00,0.00,0.00,0.00,0.00
377,Peter Pekarík,SVK,DF,Hertha BSC,36,1986,5,0,125,1.4,0,0,0,0,0,0,0,0,0.5,0.5,0.0,0.5,3,6,3,0.00,0.00,0.00,0.00,0.00,0.37,0.00,0.37,0.37,0.37
378,Juan Perea,COL,FW,Hansa Rostock,23,2000,33,14,"1,472",16.4,4,1,5,4,0,0,4,0,6.8,6.8,2.0,8.7,27,21,97,0.24,0.06,0.31,0.24,0.31,0.41,0.12,0.53,0.41,0.53
379,Lukas Petkov,BUL,"FW,MF",Greuther Fürth,22,2000,29,6,999,11.1,1,1,2,1,0,0,3,0,2.1,2.1,2.0,4.2,34,34,70,0.09,0.09,0.18,0.09,0.18,0.19,0.18,0.38,0.19,0.38
380,Denis Pfaffenrot,GER,MF,Greuther Fürth,18,2005,5,0,41,0.5,0,0,0,0,0,0,1,0,0.0,0.0,0.1,0.1,1,0,3,0.00,0.00,0.00,0.00,0.00,0.07,0.11,0.18,0.07,0.18
381,Immanuel Pherai,SUR,"MF,FW",Hamburger SV,22,2001,29,22,"1,930",21.4,3,4,7,3,0,0,4,0,3.6,3.6,5.3,8.9,77,93,123,0.14,0.19,0.33,0.14,0.33,0.17,0.25,0.41,0.17,0.41
382,Rayan Philippe,FRA,"FW,MF",Braunschweig,22,2000,25,18,"1,687",18.7,8,4,12,8,0,0,0,0,7.7,7.7,4.9,12.6,48,48,95,0.43,0.21,0.64,0.43,0.64,0.41,0.26,0.67,0.41,0.67
383,Cristiano Piccini,ITA,DF,Magdeburg,30,1992,13,12,978,10.9,1,0,1,0,1,1,2,0,1.0,0.2,0.3,0.6,20,53,14,0.09,0.00,0.09,0.00,0.00,0.10,0.03,0.12,0.02,0.05
384,Benedikt Pichler,AUT,FW,Holstein Kiel,26,1997,22,15,"1,183",13.1,8,1,9,8,0,0,2,0,4.6,4.6,0.8,5.4,23,18,78,0.61,0.08,0.68,0.61,0.68,0.35,0.06,0.41,0.35,0.41
385,Lukas Pinckert,GER,DF,Elversberg,23,2000,20,8,855,9.5,0,0,0,0,0,0,3,0,0.2,0.2,0.8,1.0,14,38,18,0.00,0.00,0.00,0.00,0.00,0.02,0.08,0.10,0.02,0.10
386,Felix Platte,GER,"FW,MF",Paderborn 07,27,1996,17,8,701,7.8,4,2,6,4,0,0,1,0,3.4,3.4,1.2,4.6,15,7,50,0.51,0.26,0.77,0.51,0.77,0.44,0.16,0.59,0.44,0.59
387,Marco Pledl,GER,MF,Paderborn 07,22,2000,1,1,61,0.7,0,0,0,0,0,0,1,0,0.0,0.0,0.0,0.0,0,0,5,0.00,0.00,0.00,0.00,0.00,0.00,0.00,0.00,0.00,0.00
388,Sebastian Polter,GER,FW,Schalke 04,32,1991,11,4,424,4.7,3,2,5,2,1,1,3,0,2.5,1.9,1.0,2.9,5,9,28,0.64,0.42,1.06,0.42,0.85,0.53,0.22,0.75,0.39,0.61
389,,,,,,,,,,,,,,,,,,,,,,,,,,,,,,,,,,,
390,Leander Popp,GER,"FW,MF",Greuther Fürth,18,2005,6,0,37,0.4,0,0,0,0,0,0,0,0,0.4,0.4,0.0,0.4,0,3,4,0.00,0.00,0.00,0.00,0.00,1.00,0.00,1.00,1.00,1.00
391,Finn Porath,GER,"MF,DF",Holstein Kiel,26,1997,27,21,"1,644",18.3,4,3,7,4,0,0,6,0,2.5,2.5,2.1,4.6,31,97,98,0.22,0.16,0.38,0.22,0.38,0.14,0.12,0.25,0.14,0.25
392,Łukasz Poręba,POL,MF,Hamburger SV,23,2000,17,7,660,7.3,2,1,3,2,0,0,2,0,1.4,1.4,1.1,2.5,12,43,20,0.27,0.14,0.41,0.27,0.41,0.19,0.15,0.34,0.19,0.34
393,Smail Prevljak,BIH,"MF,FW",Hertha BSC,28,1995,21,7,765,8.5,4,2,6,4,0,0,1,0,3.5,3.5,1.7,5.1,6,16,40,0.47,0.24,0.71,0.47,0.71,0.41,0.20,0.61,0.41,0.61
394,Kai Pröger,GER,"FW,MF",Hansa Rostock,31,1992,30,22,"1,970",21.9,4,2,6,3,1,2,5,0,5.8,4.0,0.8,4.8,43,15,112,0.18,0.09,0.27,0.14,0.23,0.26,0.04,0.30,0.18,0.22
395,Ivan Prtajin,CRO,FW,Wehen,27,1996,31,27,"2,424",26.9,13,2,15,11,2,2,6,0,14.6,13.4,2.4,15.8,28,55,141,0.48,0.07,0.56,0.41,0.48,0.54,0.09,0.63,0.50,0.59
396,Tymoteusz Puchacz,POL,DF,Kaiserslautern,24,1999,31,30,"2,597",28.9,1,7,8,1,0,0,6,0,1.3,1.3,6.6,8.0,90,73,144,0.03,0.24,0.28,0.03,0.28,0.05,0.23,0.28,0.05,0.28
397,Joshua Quarshie,GER,DF,Düsseldorf,19,2004,8,5,472,5.2,0,0,0,0,0,0,3,0,0.2,0.2,0.0,0.2,4,13,1,0.00,0.00,0.00,0.00,0.00,0.04,0.00,0.04,0.04,0.04
398,Matheo Raab,GER,GK,Hamburger SV,24,1998,14,14,"1,260",14.0,0,0,0,0,0,0,0,0,0.0,0.0,0.0,0.0,0,1,0,0.00,0.00,0.00,0.00,0.00,0.00,0.00,0.00,0.00,0.00
399,Guilherme Ramos,POR,DF,Hamburger SV,25,1997,22,19,"1,556",17.3,1,0,1,1,0,0,5,2,1.0,1.0,0.0,1.1,23,82,0,0.06,0.00,0.06,0.06,0.06,0.06,0.00,0.06,0.06,0.06
400,Nicolai Rapp,GER,MF,Karlsruher,26,1996,13,8,670,7.4,0,0,0,0,0,0,2,0,0.3,0.3,0.0,0.3,3,33,5,0.00,0.00,0.00,0.00,0.00,0.04,0.00,0.04,0.04,0.04
401,Tobias Raschl,GER,MF,Kaiserslautern,23,2000,28,24,"2,029",22.5,1,3,4,1,0,0,4,0,1.1,1.1,3.4,4.5,44,93,46,0.04,0.13,0.18,0.04,0.18,0.05,0.15,0.20,0.05,0.20
402,Kenny Redondo,GER,"FW,MF",Kaiserslautern,28,1994,29,18,"1,473",16.4,2,5,7,2,0,0,4,0,2.1,2.1,2.9,5.0,39,35,85,0.12,0.31,0.43,0.12,0.43,0.13,0.18,0.30,0.13,0.30
403,Fabian Reese,GER,FW,Hertha BSC,25,1997,31,29,"2,632",29.2,9,11,20,6,3,3,2,0,6.4,4.0,10.4,14.4,181,82,290,0.31,0.38,0.68,0.21,0.58,0.22,0.36,0.57,0.14,0.49
404,Jan Reichert,GER,GK,Nürnberg,22,2001,1,1,90,1.0,0,0,0,0,0,0,0,0,0.0,0.0,0.0,0.0,0,0,0,0.00,0.00,0.00,0.00,0.00,0.00,0.00,0.00,0.00,0.00
405,Dominik Reimann,GER,GK,Magdeburg,26,1997,34,34,"3,060",34.0,0,0,0,0,0,0,0,0,0.0,0.0,0.0,0.0,0,18,0,0.00,0.00,0.00,0.00,0.00,0.00,0.00,0.00,0.00,0.00
406,Max Reinthaler,ITA,DF,Wehen,28,1995,1,0,45,0.5,1,0,1,1,0,0,1,0,1.1,1.1,0.0,1.1,0,1,0,2.00,0.00,2.00,2.00,2.00,2.13,0.00,2.13,2.13,2.13
407,Ludovit Reis,NED,"MF,DF",Hamburger SV,23,2000,25,22,"1,788",19.9,3,2,5,3,0,1,4,0,2.6,1.8,1.8,3.6,61,123,81,0.15,0.10,0.25,0.15,0.25,0.13,0.09,0.22,0.09,0.18
408,Nicolai Remberg,GER,"MF,FW",Holstein Kiel,23,2000,32,16,"1,594",17.7,2,1,3,2,0,0,4,0,2.6,2.6,2.9,5.4,33,54,43,0.11,0.06,0.17,0.11,0.17,0.14,0.16,0.31,0.14,0.31
409,Bashkim Renneke,KVX,DF,Osnabrück,30,1992,22,21,"1,769",19.7,0,1,1,0,0,0,7,1,1.3,1.3,2.0,3.3,36,63,40,0.00,0.05,0.05,0.00,0.05,0.07,0.10,0.17,0.07,0.17
410,Simon Rhein,GER,MF,Hansa Rostock,25,1998,14,12,900,10.0,0,1,1,0,0,0,0,0,0.3,0.3,2.1,2.4,4,62,16,0.00,0.10,0.10,0.00,0.10,0.03,0.21,0.24,0.03,0.24
411,Marco Richter,GER,"MF,FW",Hertha BSC,25,1997,3,3,248,2.8,0,0,0,0,0,0,1,0,0.3,0.3,0.3,0.5,9,18,25,0.00,0.00,0.00,0.00,0.00,0.11,0.09,0.20,0.11,0.20
412,Nico Rieble,GER,DF,Wehen,27,1995,14,6,671,7.5,0,0,0,0,0,0,1,0,0.1,0.1,0.2,0.3,7,28,23,0.00,0.00,0.00,0.00,0.00,0.01,0.03,0.04,0.01,0.04
413,Marlon Ritter,GER,"MF,FW",Kaiserslautern,28,1994,32,29,"2,348",26.1,10,5,15,10,0,0,7,0,7.2,7.2,3.5,10.7,43,110,112,0.38,0.19,0.57,0.38,0.57,0.28,0.13,0.41,0.28,0.41
414,Marvin-Lee Rittmüller,GER,"DF,FW",Braunschweig,24,1999,27,21,"2,013",22.4,0,2,2,0,0,0,2,0,0.7,0.7,2.4,3.1,43,88,111,0.00,0.09,0.09,0.00,0.09,0.03,0.11,0.14,0.03,0.14
415,,,,,,,,,,,,,,,,,,,,,,,,,,,,,,,,,,,
416,Lars Ritzka,GER,"MF,DF",St. Pauli,25,1998,29,16,"1,501",16.7,2,1,3,2,0,0,2,0,1.2,1.2,2.1,3.4,20,77,85,0.12,0.06,0.18,0.12,0.18,0.07,0.13,0.20,0.07,0.20
417,Jannik Rochelt,GER,"FW,MF",Elversberg,24,1998,33,32,"2,678",29.8,4,7,11,4,0,1,4,0,7.0,6.2,6.8,13.0,92,86,215,0.13,0.24,0.37,0.13,0.37,0.24,0.23,0.46,0.21,0.44
418,Maximilian Rohr,GER,"DF,MF",Paderborn 07,28,1995,4,2,231,2.6,0,0,0,0,0,0,0,0,0.0,0.0,0.0,0.1,0,9,1,0.00,0.00,0.00,0.00,0.00,0.01,0.02,0.02,0.01,0.02
419,Tony Rölke,GER,MF,Hertha BSC,20,2003,1,0,28,0.3,0,0,0,0,0,0,1,0,0.0,0.0,0.1,0.1,1,1,0,0.00,0.00,0.00,0.00,0.00,0.12,0.18,0.30,0.12,0.30
420,Frank Ronstadt,GER,DF,Kaiserslautern,26,1997,5,4,290,3.2,0,0,0,0,0,0,0,0,0.1,0.1,0.1,0.2,1,7,8,0.00,0.00,0.00,0.00,0.00,0.03,0.03,0.06,0.03,0.06
421,Henry Rorig,GER,"DF,FW",Osnabrück,23,2000,10,5,439,4.9,0,0,0,0,0,0,1,0,0.4,0.4,0.4,0.9,11,14,17,0.00,0.00,0.00,0.00,0.00,0.09,0.09,0.18,0.09,0.18
422,Damian Roßbach,GER,DF,Hansa Rostock,30,1993,32,32,"2,750",30.6,2,1,3,2,0,0,11,0,1.9,1.9,0.1,2.1,17,70,7,0.07,0.03,0.10,0.07,0.10,0.06,0.00,0.07,0.06,0.07
423,Lasse Rosenboom,GER,"MF,DF",Holstein Kiel,21,2002,11,2,325,3.6,0,0,0,0,0,0,0,0,0.0,0.0,0.3,0.3,5,7,16,0.00,0.00,0.00,0.00,0.00,0.00,0.09,0.09,0.00,0.09
424,Alexander Rossipal,GER,DF,Hansa Rostock,27,1996,25,23,"2,124",23.6,0,2,2,0,0,0,5,0,0.5,0.5,2.2,2.7,32,96,42,0.00,0.08,0.08,0.00,0.08,0.02,0.09,0.12,0.02,0.12
425,Tim Rossmann,GER,FW,Karlsruher,19,2003,4,1,117,1.3,0,0,0,0,0,0,0,0,0.5,0.5,0.3,0.8,4,6,11,0.00,0.00,0.00,0.00,0.00,0.40,0.19,0.59,0.40,0.59
426,Tom Rothe,GER,"DF,MF",Holstein Kiel,18,2004,33,30,"2,673",29.7,4,8,12,4,0,0,8,0,3.6,3.6,6.4,9.9,71,87,181,0.13,0.27,0.40,0.13,0.40,0.12,0.21,0.33,0.12,0.33
427,Felix Ruschke,GER,DF,Hansa Rostock,20,2003,6,2,205,2.3,0,0,0,0,0,0,0,0,0.1,0.1,0.3,0.4,3,8,7,0.00,0.00,0.00,0.00,0.00,0.06,0.12,0.18,0.06,0.18
428,Elias Saad,TUN,"FW,MF",St. Pauli,23,1999,30,25,"2,062",22.9,7,1,8,7,0,0,7,1,7.0,7.0,3.9,10.8,99,67,232,0.31,0.04,0.35,0.31,0.35,0.30,0.17,0.47,0.30,0.47
429,Semih Sahin,GER,MF,Elversberg,23,1999,27,24,"2,119",23.5,1,3,4,1,0,0,4,0,2.2,2.2,1.4,3.6,33,132,29,0.04,0.13,0.17,0.04,0.17,0.09,0.06,0.15,0.09,0.15
430,Manolis Saliakas,GRE,"MF,DF",St. Pauli,26,1996,31,31,"2,656",29.5,2,2,4,2,0,0,7,1,1.5,1.5,4.2,5.7,70,191,109,0.07,0.07,0.14,0.07,0.14,0.05,0.14,0.19,0.05,0.19
431,Philipp Sander,GER,MF,Holstein Kiel,25,1998,25,24,"2,072",23.0,3,4,7,3,0,0,8,0,1.4,1.4,4.6,6.1,52,147,68,0.13,0.17,0.30,0.13,0.30,0.06,0.20,0.26,0.06,0.26
432,Sidi Sané,GER,"FW,MF",Braunschweig,20,2003,10,3,327,3.6,0,0,0,0,0,0,0,0,1.7,1.7,0.1,1.8,6,6,23,0.00,0.00,0.00,0.00,0.00,0.47,0.04,0.50,0.47,0.50
433,Leon Schaffran,GER,GK,Greuther Fürth,25,1998,1,0,1,0.0,0,0,0,0,0,0,0,0,0.0,0.0,0.0,0.0,0,0,0,0.00,0.00,0.00,0.00,0.00,0.00,0.00,0.00,0.00,0.00
434,Ron Schallenberg,GER,"MF,DF",Schalke 04,24,1998,26,24,"2,113",23.5,0,2,2,0,0,0,6,1,1.1,1.1,1.9,3.0,15,97,12,0.00,0.09,0.09,0.00,0.09,0.05,0.08,0.13,0.05,0.13
435,Louis Schaub,AUT,"MF,FW",Hannover 96,28,1994,29,21,"1,712",19.0,3,2,5,3,0,0,0,1,4.3,4.3,1.8,6.0,56,97,139,0.16,0.11,0.26,0.16,0.26,0.23,0.09,0.32,0.23,0.32
436,Tjark Scheller,GER,"FW,MF",St. Pauli,21,2002,2,0,3,0.0,0,0,0,0,0,0,0,0,0.0,0.0,0.0,0.0,0,0,0,0.00,0.00,0.00,0.00,0.00,0.00,0.00,0.00,0.00,0.00
437,Derry Scherhant,GER,FW,Hertha BSC,20,2002,28,5,792,8.8,2,0,2,2,0,0,0,0,2.9,2.9,0.7,3.6,29,13,65,0.23,0.00,0.23,0.23,0.23,0.33,0.08,0.41,0.33,0.41
438,Lukas Schleimer,GER,"MF,FW",Nürnberg,23,1999,33,21,"1,937",21.5,5,3,8,5,0,0,1,0,4.5,4.5,2.0,6.4,44,61,106,0.23,0.14,0.37,0.23,0.37,0.21,0.09,0.30,0.21,0.30
439,Fabian Schleusener,GER,FW,Karlsruher,31,1991,34,14,"1,418",15.8,7,1,8,7,0,0,2,0,6.6,6.6,2.1,8.7,32,21,113,0.44,0.06,0.51,0.44,0.51,0.42,0.13,0.55,0.42,0.55
440,Luca Schnellbacher,GER,FW,Elversberg,29,1994,30,27,"2,183",24.3,8,4,12,8,0,0,1,0,7.3,7.3,3.2,10.5,17,45,144,0.33,0.16,0.49,0.33,0.49,0.30,0.13,0.43,0.30,0.43
441,,,,,,,,,,,,,,,,,,,,,,,,,,,,,,,,,,,
442,Sebastian Schonlau,GER,DF,Hamburger SV,28,1994,16,15,"1,290",14.3,1,0,1,1,0,0,0,0,0.9,0.9,0.3,1.2,15,87,5,0.07,0.00,0.07,0.07,0.07,0.06,0.02,0.08,0.06,0.08
443,Marvin Schulz,GER,"DF,MF",Holstein Kiel,28,1995,27,13,"1,326",14.7,1,2,3,1,0,0,5,1,0.8,0.8,1.0,1.8,52,59,25,0.07,0.14,0.20,0.07,0.20,0.05,0.07,0.12,0.05,0.12
444,Kevin Schumacher,GER,"DF,MF",Hansa Rostock,25,1997,29,20,"1,805",20.1,1,1,2,1,0,0,4,0,2.1,2.1,1.5,3.6,37,56,94,0.05,0.05,0.10,0.05,0.10,0.10,0.07,0.18,0.10,0.18
445,Marco Schuster,GER,"DF,MF",Paderborn 07,27,1995,12,7,668,7.4,0,0,0,0,0,0,1,0,0.4,0.4,0.0,0.4,10,17,6,0.00,0.00,0.00,0.00,0.00,0.06,0.00,0.06,0.06,0.06
446,Christopher Scott,GER,"MF,DF",Hannover 96,21,2002,5,0,54,0.6,0,0,0,0,0,0,1,0,0.2,0.2,0.1,0.3,2,5,6,0.00,0.00,0.00,0.00,0.00,0.41,0.09,0.50,0.41,0.50
447,Paul Seguin,GER,MF,Schalke 04,28,1995,30,25,"2,283",25.4,3,4,7,3,0,0,8,0,1.3,1.3,3.3,4.6,34,161,64,0.12,0.16,0.28,0.12,0.28,0.05,0.13,0.18,0.05,0.18
448,Arne Sicker,GER,"DF,FW",Elversberg,26,1997,10,2,158,1.8,0,0,0,0,0,0,0,0,0.4,0.4,0.3,0.7,7,8,12,0.00,0.00,0.00,0.00,0.00,0.20,0.18,0.39,0.20,0.39
449,Carlo Sickinger,GER,DF,Elversberg,26,1997,25,25,"2,053",22.8,2,1,3,1,1,1,10,0,2.1,1.3,1.3,2.6,19,92,3,0.09,0.04,0.13,0.04,0.09,0.09,0.06,0.15,0.06,0.11
450,Armindo Sieb,GER,"FW,MF",Greuther Fürth,20,2003,33,26,"2,204",24.5,12,1,13,12,0,0,3,0,7.3,7.3,3.0,10.3,61,54,182,0.49,0.04,0.53,0.49,0.53,0.30,0.12,0.42,0.30,0.42
451,Jamil Siebert,GER,DF,Düsseldorf,21,2002,24,18,"1,778",19.8,1,1,2,1,0,0,5,0,0.6,0.6,0.2,0.8,22,76,8,0.05,0.05,0.10,0.05,0.10,0.03,0.01,0.04,0.03,0.04
452,Eric da Silva Moreira,GER,MF,St. Pauli,17,2006,1,0,1,0.0,0,0,0,0,0,0,0,0,0.0,0.0,0.0,0.0,0,0,0,0.00,0.00,0.00,0.00,0.00,0.00,0.00,0.00,0.00,0.00
453,Ba-Muaka Simakala,CGO,"MF,FW",Holstein Kiel,26,1997,11,2,322,3.6,0,0,0,0,0,0,2,0,0.9,0.9,0.4,1.3,6,12,20,0.00,0.00,0.00,0.00,0.00,0.24,0.12,0.36,0.24,0.36
454,Ba-Muaka Simakala,CGO,"MF,FW",Kaiserslautern,26,1997,7,0,116,1.3,1,0,1,1,0,0,1,0,0.6,0.6,0.1,0.6,3,4,4,0.78,0.00,0.78,0.78,0.78,0.43,0.05,0.48,0.43,0.48
455,Danel Sinani,LUX,"FW,MF",St. Pauli,26,1997,7,0,138,1.5,1,0,1,1,0,0,2,0,0.2,0.2,0.0,0.2,2,7,8,0.65,0.00,0.65,0.65,0.65,0.12,0.03,0.15,0.12,0.15
456,Sarpreet Singh,NZL,"MF,FW",Hansa Rostock,24,1999,15,4,425,4.7,1,0,1,1,0,0,1,1,0.5,0.5,0.9,1.4,8,14,23,0.21,0.00,0.21,0.21,0.21,0.10,0.19,0.29,0.10,0.29
457,Steven Skrzybski,GER,"MF,FW",Holstein Kiel,30,1992,26,23,"1,717",19.1,10,4,14,7,3,4,2,0,9.1,6.0,2.7,8.7,40,61,108,0.52,0.21,0.73,0.37,0.58,0.48,0.14,0.62,0.31,0.46
458,Eric Smith,SWE,"DF,MF",St. Pauli,26,1997,26,26,"2,238",24.9,1,3,4,1,0,0,7,0,1.3,1.3,1.2,2.5,12,145,11,0.04,0.12,0.16,0.04,0.16,0.05,0.05,0.10,0.05,0.10
459,Marcel Sobottka,GER,MF,Düsseldorf,29,1994,13,7,643,7.1,0,2,2,0,0,0,3,0,0.5,0.5,0.9,1.4,5,34,15,0.00,0.28,0.28,0.00,0.28,0.07,0.12,0.19,0.07,0.19
460,Nikola Soldo,CRO,"DF,MF",Kaiserslautern,22,2001,15,9,853,9.5,0,0,0,0,0,0,4,0,0.5,0.5,0.1,0.6,7,33,4,0.00,0.00,0.00,0.00,0.00,0.05,0.01,0.07,0.05,0.07
461,Brandon Soppy,FRA,DF,Schalke 04,21,2002,5,4,319,3.5,0,0,0,0,0,0,1,0,0.1,0.1,0.1,0.2,0,11,10,0.00,0.00,0.00,0.00,0.00,0.03,0.02,0.06,0.03,0.06
462,Dennis Srbeny,GER,"FW,MF",Greuther Fürth,29,1994,32,9,998,11.1,1,4,5,1,0,0,2,0,2.5,2.5,1.6,4.1,9,40,76,0.09,0.36,0.45,0.09,0.45,0.23,0.14,0.37,0.23,0.37
463,Kostas Stafylidis,GRE,"DF,MF",Hansa Rostock,29,1993,11,7,585,6.5,0,1,1,0,0,0,4,0,0.2,0.2,0.3,0.4,2,36,3,0.00,0.15,0.15,0.00,0.15,0.02,0.04,0.06,0.02,0.06
464,Jonas Sterner,GER,DF,Holstein Kiel,21,2002,16,5,518,5.8,2,0,2,2,0,0,1,0,1.1,1.1,0.4,1.5,14,16,26,0.35,0.00,0.35,0.35,0.35,0.19,0.08,0.27,0.19,0.27
465,Lars Stindl,GER,"MF,FW",Karlsruher,34,1988,24,17,"1,514",16.8,4,4,8,4,0,0,3,0,4.6,4.6,2.8,7.4,15,92,95,0.24,0.24,0.48,0.24,0.48,0.27,0.17,0.44,0.27,0.44
466,Paul Stock,GER,"MF,FW",Elversberg,26,1997,29,24,"1,966",21.8,6,5,11,6,0,0,4,0,4.7,4.7,3.9,8.6,35,119,95,0.27,0.23,0.50,0.27,0.50,0.22,0.18,0.39,0.22,0.39
467,,,,,,,,,,,,,,,,,,,,,,,,,,,,,,,,,,,
468,Filip Stojilković,SUI,"FW,MF",Kaiserslautern,23,2000,6,0,156,1.7,1,0,1,1,0,0,1,0,0.9,0.9,0.0,0.9,0,2,4,0.58,0.00,0.58,0.58,0.58,0.53,0.01,0.54,0.53,0.54
469,John-Patrick Strauß,PHI,DF,Hansa Rostock,27,1996,15,8,788,8.8,1,0,1,1,0,0,3,0,0.6,0.6,1.0,1.5,9,22,29,0.11,0.00,0.11,0.11,0.11,0.06,0.11,0.17,0.06,0.17
470,Florian Stritzel,GER,GK,Wehen,29,1994,34,34,"3,060",34.0,0,0,0,0,0,0,2,0,0.0,0.0,0.0,0.0,0,3,0,0.00,0.00,0.00,0.00,0.00,0.00,0.00,0.00,0.00,0.00
471,Klaus Suso,GER,"DF,MF",Düsseldorf,18,2005,3,0,39,0.4,0,0,0,0,0,0,0,0,0.0,0.0,0.0,0.0,0,6,2,0.00,0.00,0.00,0.00,0.00,0.05,0.00,0.05,0.05,0.05
472,Haris Tabakovic,BIH,FW,Hertha BSC,29,1994,32,29,"2,560",28.4,22,6,28,18,4,5,2,0,22.4,18.5,4.8,23.3,26,49,127,0.77,0.21,0.98,0.63,0.84,0.79,0.17,0.96,0.65,0.82
473,Richmond Tachie,GER,"FW,MF",Kaiserslautern,24,1999,28,23,"1,761",19.6,3,6,9,3,0,0,1,0,3.5,3.5,2.6,6.1,33,21,146,0.15,0.31,0.46,0.15,0.46,0.18,0.13,0.31,0.18,0.31
474,Emanuel Taffertshofer,GER,MF,Wehen,28,1995,7,0,122,1.4,0,0,0,0,0,0,1,0,0.1,0.1,0.1,0.1,0,15,1,0.00,0.00,0.00,0.00,0.00,0.05,0.05,0.10,0.05,0.10
475,Ao Tanaka,JPN,MF,Düsseldorf,24,1998,30,24,"2,259",25.1,7,3,10,7,0,0,3,0,4.4,4.4,2.5,7.0,34,142,75,0.28,0.12,0.40,0.28,0.40,0.18,0.10,0.28,0.18,0.28
476,Anssi Tapio Suhonen,FIN,MF,Hamburger SV,22,2001,13,2,258,2.9,0,1,1,0,0,0,0,0,0.3,0.3,0.2,0.5,18,16,30,0.00,0.35,0.35,0.00,0.35,0.10,0.07,0.17,0.10,0.17
477,Niklas Tauer,GER,MF,Braunschweig,22,2001,16,4,561,6.2,0,0,0,0,0,0,3,0,0.3,0.3,0.4,0.7,7,17,6,0.00,0.00,0.00,0.00,0.00,0.04,0.07,0.11,0.04,0.11
478,Niklas Tauer,GER,DF,Schalke 04,22,2001,1,1,45,0.5,0,0,0,0,0,0,0,0,0.0,0.0,0.0,0.0,2,0,5,0.00,0.00,0.00,0.00,0.00,0.00,0.00,0.00,0.00,0.00
479,Bryan Teixeira,CPV,"FW,MF",Magdeburg,22,2000,9,6,536,6.0,2,0,2,1,1,1,1,0,2.5,1.7,0.2,1.9,14,6,29,0.34,0.00,0.34,0.17,0.17,0.42,0.04,0.46,0.29,0.33
480,Lino Tempelmann,GER,MF,Schalke 04,24,1999,22,13,"1,116",12.4,1,1,2,1,0,0,2,0,0.6,0.6,0.9,1.4,33,43,27,0.08,0.08,0.16,0.08,0.16,0.05,0.07,0.11,0.05,0.11
481,Simon Terodde,GER,FW,Schalke 04,35,1988,28,23,"1,987",22.1,5,5,10,4,1,1,1,0,7.3,6.5,2.4,8.9,7,25,93,0.23,0.23,0.45,0.18,0.41,0.33,0.11,0.44,0.29,0.40
482,Robert Tesche,GER,MF,Osnabrück,36,1987,29,23,"1,976",22.0,1,2,3,1,0,0,5,0,2.3,2.3,1.6,3.8,11,82,42,0.05,0.09,0.14,0.05,0.14,0.10,0.07,0.18,0.10,0.18
483,Cedric Teuchert,GER,"FW,MF",Hannover 96,26,1997,27,12,"1,266",14.1,11,1,12,5,6,6,4,0,10.4,5.8,2.6,8.4,36,44,89,0.78,0.07,0.85,0.36,0.43,0.73,0.19,0.92,0.41,0.59
484,Maximilian Thalhammer,GER,"MF,DF",Osnabrück,26,1997,16,9,825,9.2,0,1,1,0,0,0,1,0,0.1,0.1,0.1,0.2,8,20,4,0.00,0.11,0.11,0.00,0.11,0.01,0.01,0.02,0.01,0.02
485,Marco Thiede,GER,DF,Karlsruher,31,1992,20,4,633,7.0,1,1,2,1,0,0,1,0,0.1,0.1,0.2,0.3,5,16,21,0.14,0.14,0.28,0.14,0.28,0.02,0.03,0.05,0.02,0.05
486,Boris Tomiak,GER,"DF,MF",Kaiserslautern,24,1998,30,30,"2,592",28.8,4,2,6,2,2,2,6,2,2.4,0.8,2.2,3.0,42,107,18,0.14,0.07,0.21,0.07,0.14,0.08,0.08,0.16,0.03,0.10
487,Almamy Touré,MLI,DF,Kaiserslautern,27,1996,11,10,838,9.3,1,2,3,1,0,0,1,1,2.0,2.0,1.6,3.6,3,30,10,0.11,0.21,0.32,0.11,0.32,0.21,0.17,0.39,0.21,0.39
488,Nicolo Tresoldi,GER,FW,Hannover 96,18,2004,30,24,"1,972",21.9,7,2,9,7,0,0,1,0,9.0,9.0,1.0,10.0,20,22,95,0.32,0.09,0.41,0.32,0.41,0.41,0.05,0.46,0.41,0.46
489,Philipp Treu,GER,"MF,DF",St. Pauli,22,2000,26,17,"1,498",16.6,1,2,3,1,0,0,1,0,0.5,0.5,2.2,2.7,42,61,51,0.06,0.12,0.18,0.06,0.18,0.03,0.13,0.16,0.03,0.16
490,Christos Tzolis,GRE,"FW,MF",Düsseldorf,21,2002,30,28,"2,367",26.3,22,6,28,17,5,6,5,0,18.0,13.3,6.7,20.0,89,86,220,0.84,0.23,1.06,0.65,0.87,0.68,0.26,0.94,0.50,0.76
491,Takashi Uchino,JPN,DF,Düsseldorf,22,2001,16,4,384,4.3,1,0,1,1,0,0,3,0,0.2,0.2,0.2,0.3,10,22,12,0.23,0.00,0.23,0.23,0.23,0.04,0.04,0.08,0.04,0.08
492,Anthony Ujah,NGA,FW,Braunschweig,32,1990,23,8,926,10.3,3,2,5,3,0,0,1,0,4.5,4.5,0.9,5.5,6,21,41,0.29,0.19,0.49,0.29,0.49,0.44,0.09,0.53,0.44,0.53
493,,,,,,,,,,,,,,,,,,,,,,,,,,,,,,,,,,,
494,Jonas Urbig,GER,GK,Greuther Fürth,19,2003,33,33,"2,969",33.0,0,0,0,0,0,0,3,0,0.0,0.0,1.0,1.0,0,7,0,0.00,0.00,0.00,0.00,0.00,0.00,0.03,0.03,0.00,0.03
495,Can Uzun,TUR,"MF,FW",Nürnberg,17,2005,30,25,"1,992",22.1,16,2,18,13,3,5,5,0,10.4,6.5,2.5,9.0,59,93,71,0.72,0.09,0.81,0.59,0.68,0.47,0.11,0.58,0.29,0.41
496,Enrico Valentini,ITA,DF,Nürnberg,34,1989,17,10,825,9.2,0,0,0,0,0,0,2,0,0.2,0.2,0.6,0.7,11,49,8,0.00,0.00,0.00,0.00,0.00,0.02,0.06,0.08,0.02,0.08
497,Ignace Van Der Brempt,BEL,DF,Hamburger SV,21,2002,23,22,"1,774",19.7,0,3,3,0,0,0,3,0,0.4,0.4,2.8,3.1,66,101,99,0.00,0.15,0.15,0.00,0.15,0.02,0.14,0.16,0.02,0.16
498,Hugo Vandermersch,FRA,DF,Elversberg,24,1999,26,26,"2,277",25.3,2,2,4,2,0,0,5,0,1.8,1.8,1.5,3.3,71,99,142,0.08,0.08,0.16,0.08,0.16,0.07,0.06,0.13,0.07,0.13
499,Sebastian Vasiliadis,GRE,"MF,DF",Hansa Rostock,25,1997,20,12,"1,104",12.3,0,0,0,0,0,0,5,0,0.5,0.5,0.4,0.9,9,49,31,0.00,0.00,0.00,0.00,0.00,0.04,0.03,0.07,0.04,0.07
500,Nikola Vasilj,BIH,GK,St. Pauli,27,1995,34,34,"3,060",34.0,0,0,0,0,0,0,1,0,0.0,0.0,0.2,0.2,0,0,0,0.00,0.00,0.00,0.00,0.00,0.00,0.01,0.01,0.00,0.01
501,John Verhoek,NED,"FW,MF",Osnabrück,34,1989,12,1,261,2.9,0,1,1,0,0,0,3,0,0.3,0.3,0.3,0.5,1,12,15,0.00,0.34,0.34,0.00,0.34,0.09,0.09,0.18,0.09,0.18
502,Vincent Vermeij,NED,FW,Düsseldorf,28,1994,30,22,"1,832",20.4,12,3,15,11,1,1,4,0,8.1,7.3,2.8,10.0,9,37,100,0.59,0.15,0.74,0.54,0.69,0.40,0.14,0.53,0.36,0.49
503,Andreas Voglsammer,GER,"FW,MF",Hannover 96,31,1992,27,14,"1,441",16.0,8,2,10,8,0,0,4,0,4.7,4.7,2.9,7.5,19,44,99,0.50,0.12,0.62,0.50,0.62,0.29,0.18,0.47,0.29,0.47
504,Aleksandar Vukotić,SRB,DF,Wehen,28,1995,28,27,"2,334",25.9,2,1,3,2,0,0,11,1,2.2,2.2,1.4,3.6,6,71,5,0.08,0.04,0.12,0.08,0.12,0.08,0.05,0.14,0.08,0.14
505,Robert Wagner,GER,MF,Greuther Fürth,20,2003,31,30,"2,545",28.3,4,4,8,4,0,0,5,1,2.4,2.3,1.0,3.3,11,110,26,0.14,0.14,0.28,0.14,0.28,0.08,0.04,0.12,0.08,0.12
506,Hauke Wahl,GER,DF,St. Pauli,29,1994,33,32,"2,873",31.9,0,0,0,0,0,0,4,1,1.3,1.3,0.6,1.9,39,144,18,0.00,0.00,0.00,0.00,0.00,0.04,0.02,0.06,0.04,0.06
507,Marvin Wanitzek,GER,"MF,FW",Karlsruher,30,1993,32,32,"2,828",31.4,10,5,15,7,3,4,6,0,10.0,6.8,5.4,12.2,80,164,196,0.32,0.16,0.48,0.22,0.38,0.32,0.17,0.49,0.22,0.39
508,Paul Wanner,GER,"MF,FW",Elversberg,17,2005,28,21,"1,689",18.8,6,3,9,6,0,0,2,0,5.7,5.7,1.5,7.2,35,54,117,0.32,0.16,0.48,0.32,0.48,0.30,0.08,0.38,0.30,0.38
509,Timon Weiner,GER,GK,Holstein Kiel,24,1999,30,30,"2,700",30.0,0,0,0,0,0,0,1,0,0.0,0.0,0.0,0.0,0,2,0,0.00,0.00,0.00,0.00,0.00,0.00,0.00,0.00,0.00,0.00
510,Max Weiß,GER,GK,Karlsruher,19,2004,2,2,180,2.0,0,0,0,0,0,0,0,0,0.0,0.0,0.0,0.0,0,0,0,0.00,0.00,0.00,0.00,0.00,0.00,0.00,0.00,0.00,0.00
511,Erik Wekesser,GER,"MF,FW",Nürnberg,26,1997,17,6,739,8.2,0,2,2,0,0,0,3,0,0.6,0.6,0.4,1.0,11,17,41,0.00,0.24,0.24,0.00,0.24,0.07,0.05,0.12,0.07,0.12
512,Danilo Wiebe,GER,"DF,MF",Braunschweig,29,1994,12,7,715,7.9,0,0,0,0,0,0,2,0,0.4,0.4,1.4,1.8,14,32,25,0.00,0.00,0.00,0.00,0.00,0.05,0.17,0.22,0.05,0.22
513,Niklas Wiemann,GER,DF,Osnabrück,24,1999,28,20,"1,852",20.6,1,0,1,1,0,0,3,2,0.9,0.9,0.1,0.9,20,51,10,0.05,0.00,0.05,0.05,0.05,0.04,0.00,0.04,0.04,0.04
514,Jordy de Wijs,NED,DF,Düsseldorf,28,1995,28,25,"2,035",22.6,2,2,4,2,0,0,5,0,1.8,1.8,1.2,3.0,31,94,12,0.09,0.09,0.18,0.09,0.18,0.08,0.05,0.13,0.08,0.13
515,Marten Winkler,GER,FW,Hertha BSC,20,2002,30,22,"1,548",17.2,5,5,10,5,0,0,7,0,4.0,4.0,1.9,5.9,38,33,117,0.29,0.29,0.58,0.29,0.58,0.23,0.11,0.34,0.23,0.34
516,Jannes Wulff,GER,"FW,MF",Osnabrück,23,1999,26,11,"1,022",11.4,0,1,1,0,0,0,3,0,2.3,2.3,1.3,3.6,14,34,56,0.00,0.09,0.09,0.00,0.09,0.20,0.11,0.32,0.20,0.32
517,Deyovaisio Zeefuik,NED,"DF,MF",Hertha BSC,25,1998,18,16,"1,328",14.8,0,0,0,0,0,0,5,0,0.1,0.1,0.4,0.5,19,47,27,0.00,0.00,0.00,0.00,0.00,0.00,0.03,0.03,0.00,0.03
518,Aaron Zehnter,GER,"DF,MF",Paderborn 07,18,2004,15,11,966,10.7,1,4,5,1,0,0,0,0,0.5,0.5,2.4,2.9,38,56,56,0.09,0.37,0.47,0.09,0.47,0.05,0.22,0.27,0.05,0.27
519,,,,,,,,,,,,,,,,,,,,,,,,,,,,,,,,,,,
520,Ron-Robert Zieler,GER,GK,Hannover 96,34,1989,34,34,"3,060",34.0,0,0,0,0,0,0,4,0,0.0,0.0,0.4,0.4,0,2,0,0.00,0.00,0.00,0.00,0.00,0.00,0.01,0.01,0.00,0.01
521,Jean Zimmer,GER,DF,Kaiserslautern,29,1993,29,26,"2,261",25.1,1,3,4,1,0,0,5,0,0.8,0.8,2.3,3.1,38,119,69,0.04,0.12,0.16,0.04,0.16,0.03,0.09,0.12,0.03,0.12
522,Matthias Zimmermann,GER,DF,Düsseldorf,31,1992,25,24,"2,100",23.3,1,5,6,1,0,0,3,1,0.6,0.6,2.6,3.2,43,160,109,0.04,0.21,0.26,0.04,0.26,0.03,0.11,0.14,0.03,0.14
523,Budu Zivzivadze,GEO,FW,Karlsruher,29,1994,30,13,"1,336",14.8,12,1,13,12,0,0,2,0,9.8,9.8,1.3,11.1,26,22,105,0.81,0.07,0.88,0.81,0.88,0.66,0.09,0.75,0.66,0.75
524,Ben Zolinski,GER,"DF,FW",Kaiserslautern,31,1992,6,3,242,2.7,0,2,2,0,0,0,2,0,0.2,0.2,0.3,0.4,3,11,8,0.00,0.74,0.74,0.00,0.74,0.07,0.09,0.16,0.07,0.16
525,Simon Zoller,GER,"MF,FW",St. Pauli,32,1991,4,0,41,0.5,0,0,0,0,0,0,0,0,0.1,0.1,0.0,0.1,0,1,3,0.00,0.00,0.00,0.00,0.00,0.23,0.00,0.23,0.23,0.23
526,Hendrick Zuck,GER,"DF,MF",Kaiserslautern,33,1990,5,2,159,1.8,0,0,0,0,0,0,0,0,0.1,0.1,0.3,0.4,2,5,5,0.00,0.00,0.00,0.00,0.00,0.07,0.16,0.23,0.07,0.23
